path,age,state,gender
001221_male_Asian_19/mask3.jpg,19,mask,male
006664_male_Asian_19/mask2.jpg,19,mask,male
001167_male_Asian_23/mask3.jpg,19,mask,male
001636_male_Asian_28/mask2.jpg,19,mask,male
006516_male_Asian_19/mask5.jpg,19,mask,male
001257_male_Asian_25/mask4.jpg,19,mask,male
001354_male_Asian_27/mask3.jpg,19,mask,male
005284_male_Asian_22/mask4.jpg,19,mask,male
006750_male_Asian_19/mask1.jpg,19,mask,male
001340_male_Asian_23/mask2.jpg,19,mask,male
001306_male_Asian_20/mask2.jpg,19,mask,male
004429_male_Asian_18/mask4.jpg,19,mask,male
006236_male_Asian_20/mask5.png,19,mask,male
006131_male_Asian_20/mask3.png,19,mask,male
006229_male_Asian_19/mask5.jpg,19,mask,male
006211_male_Asian_19/mask1.png,19,mask,male
006621_male_Asian_19/mask2.jpeg,19,mask,male
006677_male_Asian_19/mask4.jpg,19,mask,male
006377_male_Asian_19/mask1.jpg,19,mask,male
006714_male_Asian_20/mask5.jpg,19,mask,male
006670_male_Asian_19/mask3.jpeg,19,mask,male
001025_male_Asian_19/mask3.jpg,19,mask,male
006245_male_Asian_19/mask4.jpg,19,mask,male
006373_male_Asian_19/mask4.jpg,19,mask,male
006102_male_Asian_18/mask1.jpg,19,mask,male
001366_male_Asian_24/mask2.jpg,19,mask,male
004481_male_Asian_29/mask4.jpg,19,mask,male
005287_male_Asian_22/mask4.jpg,19,mask,male
005271_male_Asian_20/mask5.jpg,19,mask,male
001145_male_Asian_20/mask1.jpg,19,mask,male
006690_male_Asian_20/mask1.jpg,19,mask,male
004352_male_Asian_18/mask1.jpg,19,mask,male
006682_male_Asian_19/mask3.jpg,19,mask,male
001088_male_Asian_24/mask1.jpg,19,mask,male
006365_male_Asian_19/mask2.jpg,19,mask,male
001306_male_Asian_20/mask5.jpg,19,mask,male
006237_male_Asian_19/mask4.jpg,19,mask,male
001513_male_Asian_22/mask2.jpg,19,mask,male
006089_male_Asian_18/mask2.jpg,19,mask,male
006512_male_Asian_20/mask3.jpg,19,mask,male
006160_male_Asian_20/mask1.png,19,mask,male
001077_male_Asian_19/mask2.jpg,19,mask,male
006393_male_Asian_19/mask2.jpg,19,mask,male
004424_male_Asian_19/mask2.jpg,19,mask,male
006643_male_Asian_19/mask3.jpg,19,mask,male
006080_male_Asian_19/mask5.jpg,19,mask,male
006399_male_Asian_19/mask1.jpg,19,mask,male
006161_male_Asian_20/mask5.png,19,mask,male
001105_male_Asian_25/mask1.jpg,19,mask,male
005262_male_Asian_20/mask2.jpg,19,mask,male
006140_male_Asian_19/mask3.png,19,mask,male
001842_male_Asian_23/mask1.jpg,19,mask,male
001150_male_Asian_23/mask1.jpg,19,mask,male
001332_male_Asian_25/mask1.jpg,19,mask,male
004206_male_Asian_18/mask5.jpg,19,mask,male
001366_male_Asian_24/mask5.jpg,19,mask,male
006956_male_Asian_19/mask4.jpg,19,mask,male
006578_male_Asian_19/mask1.jpeg,19,mask,male
005243_male_Asian_21/mask3.jpg,19,mask,male
005119_male_Asian_19/mask5.jpg,19,mask,male
001830_male_Asian_24/mask4.jpg,19,mask,male
001564_male_Asian_22/mask1.jpg,19,mask,male
006611_male_Asian_20/mask4.jpeg,19,mask,male
006234_male_Asian_20/mask4.png,19,mask,male
005251_male_Asian_20/mask5.jpg,19,mask,male
006649_male_Asian_19/mask5.jpeg,19,mask,male
006392_male_Asian_19/mask3.jpg,19,mask,male
006373_male_Asian_19/mask5.jpg,19,mask,male
006102_male_Asian_18/mask3.jpg,19,mask,male
006361_male_Asian_18/mask5.jpg,19,mask,male
001388_male_Asian_21/mask5.jpg,19,mask,male
001144_male_Asian_28/mask3.jpg,19,mask,male
001366_male_Asian_24/mask1.jpg,19,mask,male
005267_male_Asian_21/mask3.jpg,19,mask,male
006096_male_Asian_19/mask1.jpg,19,mask,male
001829_male_Asian_24/mask4.jpg,19,mask,male
001785_male_Asian_26/mask4.jpg,19,mask,male
001496-1_male_Asian_21/mask3.jpg,19,mask,male
001137_male_Asian_24/mask2.jpg,19,mask,male
001546_male_Asian_26/mask4.jpg,19,mask,male
006071_male_Asian_20/mask4.png,19,mask,male
001043-1_male_Asian_23/mask5.jpg,19,mask,male
001508_male_Asian_18/mask1.jpg,19,mask,male
001105_male_Asian_25/mask5.jpg,19,mask,male
006712_male_Asian_20/mask3.jpg,19,mask,male
001716_male_Asian_27/mask5.jpg,19,mask,male
006373_male_Asian_19/mask1.jpg,19,mask,male
006147_male_Asian_19/mask1.png,19,mask,male
001085_male_Asian_26/mask5.jpg,19,mask,male
005284_male_Asian_22/mask3.jpg,19,mask,male
006361_male_Asian_18/mask3.jpg,19,mask,male
006745_male_Asian_19/mask3.jpg,19,mask,male
001971_male_Asian_21/mask2.jpg,19,mask,male
006639_male_Asian_19/mask2.jpeg,19,mask,male
001641_male_Asian_18/mask2.jpg,19,mask,male
006223_male_Asian_20/mask5.png,19,mask,male
001277_male_Asian_24/mask3.jpg,19,mask,male
006713_male_Asian_19/mask4.jpg,19,mask,male
001356_male_Asian_23/mask5.jpg,19,mask,male
006722_male_Asian_19/mask1.jpg,19,mask,male
001197_male_Asian_25/mask5.jpg,19,mask,male
001663_male_Asian_23/mask3.jpg,19,mask,male
006141_male_Asian_19/mask2.png,19,mask,male
004488_male_Asian_23/mask1.jpg,19,mask,male
006514_male_Asian_20/mask3.jpg,19,mask,male
001230_male_Asian_24/mask2.jpg,19,mask,male
006386_male_Asian_19/mask3.jpg,19,mask,male
006651_male_Asian_19/mask5.jpeg,19,mask,male
006207_male_Asian_19/mask5.png,19,mask,male
006684_male_Asian_19/mask1.jpg,19,mask,male
006100_male_Asian_19/mask3.jpg,19,mask,male
001599_male_Asian_24/mask1.jpg,19,mask,male
001129_male_Asian_20/mask3.jpg,19,mask,male
006099_male_Asian_19/mask2.jpg,19,mask,male
006944_male_Asian_20/mask2.jpg,19,mask,male
006952_male_Asian_19/mask3.jpg,19,mask,male
001193_male_Asian_21/mask2.jpg,19,mask,male
003814_male_Asian_27/mask2.jpg,19,mask,male
001210_male_Asian_25/mask4.jpg,19,mask,male
006565_male_Asian_20/mask4.jpg,19,mask,male
006081_male_Asian_19/mask3.jpg,19,mask,male
006135_male_Asian_19/mask4.png,19,mask,male
006690_male_Asian_20/mask5.jpg,19,mask,male
005275_male_Asian_23/mask3.jpg,19,mask,male
005227_male_Asian_22/mask4.jpg,19,mask,male
006954_male_Asian_19/mask1.jpg,19,mask,male
003514-1_male_Asian_20/mask5.jpg,19,mask,male
001176_male_Asian_18/mask4.jpg,19,mask,male
006731_male_Asian_19/mask2.jpg,19,mask,male
006676_male_Asian_20/mask5.jpg,19,mask,male
006108_male_Asian_19/mask4.jpg,19,mask,male
005506_male_Asian_25/mask3.jpg,19,mask,male
006676_male_Asian_20/mask4.jpg,19,mask,male
006399_male_Asian_19/mask3.jpg,19,mask,male
006514_male_Asian_20/mask1.jpg,19,mask,male
001603_male_Asian_23/mask4.jpg,19,mask,male
000309_male_Asian_29/mask3.jpg,19,mask,male
006680_male_Asian_19/mask4.jpeg,19,mask,male
006658_male_Asian_19/mask3.jpeg,19,mask,male
006136_male_Asian_19/mask4.png,19,mask,male
001508_male_Asian_18/mask5.jpg,19,mask,male
006237_male_Asian_19/mask2.jpg,19,mask,male
006596_male_Asian_19/mask2.jpg,19,mask,male
001739_male_Asian_29/mask2.jpg,19,mask,male
001320_male_Asian_26/mask4.jpg,19,mask,male
006942_male_Asian_19/mask2.jpg,19,mask,male
006926_male_Asian_19/mask4.jpg,19,mask,male
001829_male_Asian_24/mask2.jpg,19,mask,male
006151_male_Asian_19/mask5.png,19,mask,male
001842_male_Asian_23/mask3.jpg,19,mask,male
004207_male_Asian_18/mask5.jpg,19,mask,male
001252_male_Asian_22/mask4.jpg,19,mask,male
001065_male_Asian_26/mask1.jpg,19,mask,male
001795_male_Asian_27/mask1.jpg,19,mask,male
006162_male_Asian_20/mask3.png,19,mask,male
001839_male_Asian_26/mask4.jpg,19,mask,male
006146_male_Asian_20/mask5.png,19,mask,male
006675_male_Asian_19/mask2.jpg,19,mask,male
001336_male_Asian_26/mask3.jpg,19,mask,male
001042_male_Asian_19/mask1.jpg,19,mask,male
006722_male_Asian_19/mask3.jpg,19,mask,male
006385_male_Asian_19/mask3.jpg,19,mask,male
001354_male_Asian_27/mask5.jpg,19,mask,male
001067_male_Asian_24/mask3.jpg,19,mask,male
006389_male_Asian_19/mask4.jpg,19,mask,male
006385_male_Asian_19/mask2.jpg,19,mask,male
004412_male_Asian_19/mask1.jpg,19,mask,male
006237_male_Asian_19/mask3.jpg,19,mask,male
001312_male_Asian_25/mask4.jpg,19,mask,male
006725_male_Asian_19/mask3.jpg,19,mask,male
005211_male_Asian_22/mask4.jpg,19,mask,male
002826_male_Asian_20/mask3.jpg,19,mask,male
006714_male_Asian_20/mask1.jpg,19,mask,male
006229_male_Asian_19/mask4.jpg,19,mask,male
006366_male_Asian_19/mask4.jpg,19,mask,male
005248_male_Asian_22/mask3.jpg,19,mask,male
006096_male_Asian_19/mask4.jpg,19,mask,male
006622_male_Asian_19/mask5.jpeg,19,mask,male
006691_male_Asian_19/mask3.jpg,19,mask,male
001326_male_Asian_25/mask3.jpg,19,mask,male
006716_male_Asian_19/mask2.jpg,19,mask,male
006674_male_Asian_19/mask4.jpg,19,mask,male
006236_male_Asian_20/mask4.png,19,mask,male
006957_male_Asian_20/mask3.jpg,19,mask,male
006668_male_Asian_22/mask3.jpg,19,mask,male
001129_male_Asian_20/mask1.jpg,19,mask,male
006950_male_Asian_19/mask2.jpg,19,mask,male
001644_male_Asian_22/mask4.jpg,19,mask,male
006676_male_Asian_20/mask3.jpg,19,mask,male
006748_male_Asian_19/mask5.jpg,19,mask,male
006673_male_Asian_19/mask5.jpg,19,mask,male
006088_male_Asian_18/mask4.jpg,19,mask,male
001122_male_Asian_25/mask3.jpg,19,mask,male
005240_male_Asian_18/mask4.jpg,19,mask,male
004443_male_Asian_18/mask2.jpg,19,mask,male
001198_male_Asian_26/mask5.jpg,19,mask,male
001839_male_Asian_26/mask2.jpg,19,mask,male
005406_male_Asian_24/mask3.jpg,19,mask,male
006686_male_Asian_20/mask3.jpg,19,mask,male
006724_male_Asian_19/mask2.jpg,19,mask,male
004418_male_Asian_20/mask2.jpg,19,mask,male
006770_male_Asian_20/mask4.jpg,19,mask,male
006623_male_Asian_19/mask4.jpeg,19,mask,male
001155_male_Asian_28/mask1.jpg,19,mask,male
006099_male_Asian_19/mask5.jpg,19,mask,male
001186-1_male_Asian_24/mask1.jpg,19,mask,male
006690_male_Asian_20/mask4.jpg,19,mask,male
005211_male_Asian_22/mask1.jpg,19,mask,male
001495-1_male_Asian_21/mask3.jpg,19,mask,male
006649_male_Asian_19/mask2.jpeg,19,mask,male
001716_male_Asian_27/mask3.jpg,19,mask,male
006160_male_Asian_20/mask5.png,19,mask,male
006613_male_Asian_19/mask5.jpeg,19,mask,male
006364_male_Asian_18/mask5.jpg,19,mask,male
006654_male_Asian_19/mask5.jpeg,19,mask,male
006154_male_Asian_20/mask3.png,19,mask,male
001600_male_Asian_23/mask5.jpg,19,mask,male
001037_male_Asian_18/mask4.jpg,19,mask,male
006219_male_Asian_20/mask3.png,19,mask,male
005231_male_Asian_19/mask5.jpg,19,mask,male
006086_male_Asian_19/mask5.jpg,19,mask,male
006677_male_Asian_19/mask5.jpg,19,mask,male
006751_male_Asian_20/mask2.jpg,19,mask,male
004423_male_Asian_18/mask3.jpg,19,mask,male
006081_male_Asian_19/mask2.jpg,19,mask,male
001198_male_Asian_26/mask3.jpg,19,mask,male
001198_male_Asian_26/mask4.jpg,19,mask,male
006139_male_Asian_19/mask4.png,19,mask,male
006721_male_Asian_20/mask2.jpg,19,mask,male
005277_male_Asian_23/mask1.jpg,19,mask,male
006235_male_Asian_20/mask5.png,19,mask,male
006104_male_Asian_18/mask4.jpg,19,mask,male
006617_male_Asian_19/mask3.jpeg,19,mask,male
001112_male_Asian_28/mask2.jpg,19,mask,male
005278_male_Asian_22/mask4.jpg,19,mask,male
006943_male_Asian_20/mask2.jpg,19,mask,male
005258_male_Asian_22/mask3.jpg,19,mask,male
006083_male_Asian_18/mask5.jpg,19,mask,male
005264_male_Asian_22/mask2.jpg,19,mask,male
006214_male_Asian_19/mask1.jpg,19,mask,male
006375_male_Asian_19/mask5.jpg,19,mask,male
006395_male_Asian_19/mask3.jpg,19,mask,male
006241_male_Asian_20/mask3.png,19,mask,male
006132_male_Asian_19/mask2.png,19,mask,male
006398_male_Asian_19/mask4.jpg,19,mask,male
006748_male_Asian_19/mask4.jpg,19,mask,male
006138_male_Asian_19/mask1.png,19,mask,male
005255_male_Asian_19/mask1.jpg,19,mask,male
006732_male_Asian_19/mask3.jpg,19,mask,male
004429_male_Asian_18/mask1.jpg,19,mask,male
005257_male_Asian_22/mask1.jpg,19,mask,male
006248_male_Asian_20/mask2.png,19,mask,male
001786_male_Asian_28/mask2.jpg,19,mask,male
006659_male_Asian_19/mask2.jpg,19,mask,male
006392_male_Asian_19/mask2.jpg,19,mask,male
001182-1_male_Asian_19/mask5.jpg,19,mask,male
006221_male_Asian_20/mask3.png,19,mask,male
001042_male_Asian_19/mask4.jpg,19,mask,male
006004_male_Asian_18/mask2.jpg,19,mask,male
006955_male_Asian_19/mask3.jpg,19,mask,male
004487_male_Asian_18/mask5.jpg,19,mask,male
001394_male_Asian_25/mask1.jpg,19,mask,male
006159_male_Asian_20/mask3.png,19,mask,male
001181_male_Asian_22/mask4.jpg,19,mask,male
001970_male_Asian_21/mask2.jpg,19,mask,male
006091_male_Asian_19/mask1.jpg,19,mask,male
001388_male_Asian_21/mask3.jpg,19,mask,male
001198_male_Asian_26/mask2.jpg,19,mask,male
001151_male_Asian_23/mask4.jpg,19,mask,male
001163_male_Asian_23/mask1.jpg,19,mask,male
001284_male_Asian_25/mask2.jpg,19,mask,male
006675_male_Asian_19/mask5.jpg,19,mask,male
006513_male_Asian_19/mask2.jpg,19,mask,male
005269_male_Asian_21/mask2.jpg,19,mask,male
006088_male_Asian_18/mask3.jpg,19,mask,male
001284_male_Asian_25/mask1.jpg,19,mask,male
006237_male_Asian_19/mask1.jpg,19,mask,male
005291_male_Asian_51/mask1.jpg,52,mask,male
000566_male_Asian_58/mask1.jpg,52,mask,male
003573_male_Asian_58/mask3.jpg,52,mask,male
003509-1_male_Asian_57/mask2.jpg,52,mask,male
003619_male_Asian_57/mask1.jpg,52,mask,male
005034_male_Asian_51/mask1.jpg,52,mask,male
003759_male_Asian_50/mask3.jpg,52,mask,male
001457_male_Asian_59/mask3.jpg,52,mask,male
005549_male_Asian_34/mask3.jpg,52,mask,male
001489_male_Asian_55/mask4.jpg,52,mask,male
003517_male_Asian_58/mask4.jpg,52,mask,male
004442_male_Asian_40/mask2.jpg,52,mask,male
003938_male_Asian_43/mask1.jpg,52,mask,male
003816_male_Asian_57/mask1.jpg,52,mask,male
003789_male_Asian_41/mask5.jpg,52,mask,male
003513_male_Asian_57/mask1.jpg,52,mask,male
003840_male_Asian_56/mask2.jpg,52,mask,male
003515_male_Asian_49/mask4.jpg,52,mask,male
001424_male_Asian_55/mask3.jpg,52,mask,male
003501_male_Asian_56/mask5.jpg,52,mask,male
003938_male_Asian_43/mask5.jpg,52,mask,male
005549_male_Asian_34/mask1.jpg,52,mask,male
000650_male_Asian_54/mask2.jpg,52,mask,male
003648_male_Asian_59/mask1.jpg,52,mask,male
003878_male_Asian_56/mask1.jpg,52,mask,male
004006_male_Asian_54/mask3.jpg,52,mask,male
000821_male_Asian_56/mask1.jpg,52,mask,male
001489_male_Asian_55/mask5.jpg,52,mask,male
003463_male_Asian_57/mask1.jpg,52,mask,male
001620_male_Asian_45/mask4.jpg,52,mask,male
001710_male_Asian_58/mask4.jpg,52,mask,male
000609_male_Asian_57/mask1.jpg,52,mask,male
005092_male_Asian_52/mask2.jpg,52,mask,male
003415_male_Asian_50/mask5.jpg,52,mask,male
004074_male_Asian_59/mask4.jpg,52,mask,male
001904_male_Asian_59/mask2.jpg,52,mask,male
005458_male_Asian_52/mask4.jpg,52,mask,male
000004_male_Asian_54/mask2.jpg,52,mask,male
005551_male_Asian_43/mask2.jpg,52,mask,male
000348_male_Asian_58/mask1.jpg,52,mask,male
003434_male_Asian_50/mask4.jpg,52,mask,male
004336_male_Asian_35/mask4.jpg,52,mask,male
000655_male_Asian_53/mask1.jpg,52,mask,male
001417_male_Asian_58/mask1.jpg,52,mask,male
003790_male_Asian_46/mask4.jpg,52,mask,male
001409_male_Asian_41/mask4.jpg,52,mask,male
003676_male_Asian_58/mask1.jpg,52,mask,male
003514_male_Asian_59/mask3.jpg,52,mask,male
000237_male_Asian_56/mask2.jpg,52,mask,male
003765_male_Asian_57/mask1.jpg,52,mask,male
003848_male_Asian_59/mask3.jpg,52,mask,male
001335_male_Asian_30/mask4.jpg,52,mask,male
000650_male_Asian_54/mask3.jpg,52,mask,male
003695_male_Asian_49/mask5.jpg,52,mask,male
005458_male_Asian_52/mask3.jpg,52,mask,male
001722_male_Asian_30/mask4.jpg,52,mask,male
001647_male_Asian_46/mask5.jpg,52,mask,male
005105_male_Asian_33/mask4.jpg,52,mask,male
003509-1_male_Asian_57/mask1.jpg,52,mask,male
001578_male_Asian_56/mask5.jpg,52,mask,male
005451_male_Asian_32/mask3.jpg,52,mask,male
003682_male_Asian_57/mask1.jpg,52,mask,male
003531_male_Asian_55/mask5.jpg,52,mask,male
000238_male_Asian_57/mask2.jpg,52,mask,male
003573_male_Asian_58/mask1.jpg,52,mask,male
000269_male_Asian_56/mask2.jpg,52,mask,male
001899_male_Asian_50/mask1.jpg,52,mask,male
005523_male_Asian_52/mask5.jpg,52,mask,male
003849_male_Asian_57/mask1.jpg,52,mask,male
003745_male_Asian_55/mask3.jpg,52,mask,male
003545_male_Asian_54/mask1.jpg,52,mask,male
001412_male_Asian_50/mask1.jpg,52,mask,male
004446_male_Asian_40/mask4.jpg,52,mask,male
004442_male_Asian_40/mask1.jpg,52,mask,male
005082_male_Asian_48/mask2.jpg,52,mask,male
003792_male_Asian_30/mask2.jpg,52,mask,male
001405_male_Asian_55/mask2.jpg,52,mask,male
003406_male_Asian_55/mask1.jpg,52,mask,male
003415_male_Asian_50/mask4.jpg,52,mask,male
001703_male_Asian_49/mask1.jpg,52,mask,male
000236_male_Asian_51/mask1.jpg,52,mask,male
001133_male_Asian_56/mask1.jpg,52,mask,male
005547_male_Asian_56/mask2.jpg,52,mask,male
004453_male_Asian_52/mask5.jpg,52,mask,male
003615_male_Asian_59/mask2.jpg,52,mask,male
003536_male_Asian_59/mask5.jpg,52,mask,male
004479_male_Asian_38/mask2.jpg,52,mask,male
003524_male_Asian_56/mask5.jpg,52,mask,male
003881_male_Asian_56/mask5.jpg,52,mask,male
001024_male_Asian_58/mask2.jpg,52,mask,male
000775_male_Asian_56/mask1.jpg,52,mask,male
001852_male_Asian_48/mask1.jpg,52,mask,male
003997_male_Asian_59/mask2.jpg,52,mask,male
003439_male_Asian_58/mask2.jpg,52,mask,male
003581_male_Asian_56/mask3.jpg,52,mask,male
003643_male_Asian_58/mask5.jpg,52,mask,male
003655_male_Asian_59/mask3.jpg,52,mask,male
001173_male_Asian_30/mask2.jpg,52,mask,male
003821_male_Asian_38/mask1.jpg,52,mask,male
000262_male_Asian_56/mask1.jpg,52,mask,male
003501_male_Asian_56/mask4.jpg,52,mask,male
005291_male_Asian_51/mask3.jpg,52,mask,male
003930_male_Asian_42/mask5.jpg,52,mask,male
001918_male_Asian_50/mask2.jpg,52,mask,male
003539_male_Asian_56/mask4.jpg,52,mask,male
003765_male_Asian_57/mask4.jpg,52,mask,male
000556_male_Asian_57/mask3.jpg,52,mask,male
005034_male_Asian_51/mask3.jpg,52,mask,male
003632_male_Asian_43/mask3.jpg,52,mask,male
003573_male_Asian_58/mask4.jpg,52,mask,male
000597_male_Asian_57/mask5.jpg,52,mask,male
000242_male_Asian_56/mask4.jpg,52,mask,male
003521_male_Asian_58/mask2.jpg,52,mask,male
001390_male_Asian_56/mask5.jpg,52,mask,male
001477_male_Asian_57/mask4.jpg,52,mask,male
001452_male_Asian_56/mask4.jpg,52,mask,male
001417_male_Asian_58/mask2.jpg,52,mask,male
003993_male_Asian_57/mask4.jpg,52,mask,male
000348_male_Asian_58/mask5.jpg,52,mask,male
001533_male_Asian_59/mask5.jpg,52,mask,male
003542_male_Asian_58/mask2.jpg,52,mask,male
003734_male_Asian_55/mask2.jpg,52,mask,male
003533_male_Asian_59/mask2.jpg,52,mask,male
003983_male_Asian_52/mask2.jpg,52,mask,male
003550_male_Asian_48/mask5.jpg,52,mask,male
004072_male_Asian_55/mask2.jpg,52,mask,male
003655_male_Asian_59/mask2.jpg,52,mask,male
003789_male_Asian_41/mask1.jpg,52,mask,male
001729_male_Asian_51/mask1.jpg,52,mask,male
003865_male_Asian_59/mask2.jpg,52,mask,male
001040_male_Asian_30/mask3.jpg,52,mask,male
004004_male_Asian_59/mask2.jpg,52,mask,male
003434_male_Asian_50/mask5.jpg,52,mask,male
003508_male_Asian_59/mask5.jpg,52,mask,male
001703_male_Asian_49/mask2.jpg,52,mask,male
001476_male_Asian_58/mask3.jpg,52,mask,male
003575_male_Asian_43/mask2.jpg,52,mask,male
003676_male_Asian_58/mask3.jpg,52,mask,male
001029_male_Asian_59/mask3.jpg,52,mask,male
000609_male_Asian_57/mask4.jpg,52,mask,male
003792_male_Asian_30/mask3.jpg,52,mask,male
003648_male_Asian_59/mask3.jpg,52,mask,male
000615_male_Asian_56/mask2.jpg,52,mask,male
003561_male_Asian_52/mask1.jpg,52,mask,male
003792_male_Asian_30/mask5.jpg,52,mask,male
000245_male_Asian_58/mask2.jpg,52,mask,male
001718_male_Asian_55/mask2.jpg,52,mask,male
001457_male_Asian_59/mask2.jpg,52,mask,male
000047_male_Asian_58/mask5.jpg,52,mask,male
005148_male_Asian_51/mask1.jpg,52,mask,male
004381_male_Asian_50/mask2.jpg,52,mask,male
005293_male_Asian_31/mask3.jpg,52,mask,male
003516_male_Asian_57/mask2.jpg,52,mask,male
001439_male_Asian_58/mask2.jpg,52,mask,male
003506_male_Asian_56/mask5.jpg,52,mask,male
003765_male_Asian_57/mask2.jpg,52,mask,male
003695_male_Asian_49/mask4.jpg,52,mask,male
001751_male_Asian_51/mask2.jpg,52,mask,male
003511-1_male_Asian_54/mask2.jpg,52,mask,male
001433_male_Asian_52/mask1.jpg,52,mask,male
001027_male_Asian_55/mask3.jpg,52,mask,male
003504_male_Asian_49/mask1.jpg,52,mask,male
003937_male_Asian_58/mask4.jpg,52,mask,male
005559_male_Asian_52/mask3.jpg,52,mask,male
003755_male_Asian_52/mask2.jpg,52,mask,male
000809_male_Asian_51/mask5.jpg,52,mask,male
001647_male_Asian_46/mask2.jpg,52,mask,male
003574_male_Asian_54/mask4.jpg,52,mask,male
003746_male_Asian_50/mask1.jpg,52,mask,male
003489_male_Asian_48/mask4.jpg,52,mask,male
003509-1_male_Asian_57/mask3.jpg,52,mask,male
005545_male_Asian_53/mask5.jpg,52,mask,male
003535_male_Asian_52/mask1.jpg,52,mask,male
003601_male_Asian_55/mask1.jpg,52,mask,male
003617_male_Asian_56/mask5.jpg,52,mask,male
001456_male_Asian_57/mask1.jpg,52,mask,male
003754_male_Asian_52/mask5.jpg,52,mask,male
003530_male_Asian_53/mask2.jpg,52,mask,male
000242_male_Asian_56/mask1.jpg,52,mask,male
000543_male_Asian_35/mask5.jpg,52,mask,male
003535_male_Asian_52/mask4.jpg,52,mask,male
000590_male_Asian_52/mask4.jpg,52,mask,male
004258_male_Asian_58/mask5.jpg,52,mask,male
003632_male_Asian_43/mask4.jpg,52,mask,male
003929_male_Asian_59/mask1.jpg,52,mask,male
001477_male_Asian_57/mask1.jpg,52,mask,male
005558_male_Asian_52/mask4.jpg,52,mask,male
005556_male_Asian_50/mask1.jpg,52,mask,male
003518_male_Asian_57/mask2.jpg,52,mask,male
003642_male_Asian_59/mask3.jpg,52,mask,male
001700_male_Asian_33/mask3.jpg,52,mask,male
005553_male_Asian_48/mask4.jpg,52,mask,male
001010_male_Asian_59/mask5.jpg,52,mask,male
003533_male_Asian_59/mask1.jpg,52,mask,male
001445_male_Asian_57/mask5.jpg,52,mask,male
004178_male_Asian_55/mask1.jpg,52,mask,male
003514_male_Asian_59/mask2.jpg,52,mask,male
001852_male_Asian_48/mask2.jpg,52,mask,male
000556_male_Asian_57/mask5.jpg,52,mask,male
000810_male_Asian_58/mask3.jpg,52,mask,male
000613_male_Asian_51/mask2.jpg,52,mask,male
001775_male_Asian_58/mask5.jpg,52,mask,male
005040_male_Asian_30/mask5.jpg,52,mask,male
001147_male_Asian_35/mask2.jpg,52,mask,male
003648_male_Asian_59/mask4.jpg,52,mask,male
001625_male_Asian_60/mask3.jpg,60,mask,male
004286_male_Asian_60/mask2.jpg,60,mask,male
004398_male_Asian_60/mask3.jpg,60,mask,male
004398_male_Asian_60/mask5.jpg,60,mask,male
004466_male_Asian_60/mask5.jpg,60,mask,male
004096_male_Asian_60/mask4.jpg,60,mask,male
001497_male_Asian_60/mask4.jpg,60,mask,male
001444_male_Asian_60/mask5.jpg,60,mask,male
004303_male_Asian_60/mask5.jpg,60,mask,male
005418_male_Asian_60/mask1.jpg,60,mask,male
004259_male_Asian_60/mask4.jpg,60,mask,male
003646_male_Asian_60/mask3.jpg,60,mask,male
004241_male_Asian_60/mask5.jpg,60,mask,male
001518_male_Asian_60/mask1.jpg,60,mask,male
001518_male_Asian_60/mask5.jpg,60,mask,male
005071_male_Asian_60/mask2.jpg,60,mask,male
004236_male_Asian_60/mask3.jpg,60,mask,male
004236_male_Asian_60/mask4.jpg,60,mask,male
004317_male_Asian_60/mask2.jpg,60,mask,male
003712_male_Asian_60/mask2.jpg,60,mask,male
001101_male_Asian_60/mask2.jpg,60,mask,male
004241_male_Asian_60/mask1.jpg,60,mask,male
003563_male_Asian_60/mask2.jpg,60,mask,male
004219_male_Asian_60/mask2.jpg,60,mask,male
004353_male_Asian_60/mask1.jpg,60,mask,male
005033_male_Asian_60/mask2.jpg,60,mask,male
003564_male_Asian_60/mask5.jpg,60,mask,male
003735_male_Asian_60/mask4.jpg,60,mask,male
003639_male_Asian_60/mask1.jpg,60,mask,male
003704_male_Asian_60/mask5.jpg,60,mask,male
001570_male_Asian_60/mask1.jpg,60,mask,male
005045_male_Asian_60/mask3.jpg,60,mask,male
004385_male_Asian_60/mask1.jpg,60,mask,male
003727_male_Asian_60/mask1.jpg,60,mask,male
004252_male_Asian_60/mask5.jpg,60,mask,male
003874_male_Asian_60/mask4.jpg,60,mask,male
004094_male_Asian_60/mask1.jpg,60,mask,male
004303_male_Asian_60/mask4.jpg,60,mask,male
001568_male_Asian_60/mask2.jpg,60,mask,male
004280_male_Asian_60/mask2.jpg,60,mask,male
003837_male_Asian_60/mask5.jpg,60,mask,male
003666_male_Asian_60/mask4.jpg,60,mask,male
003326_female_Asian_20/mask5.jpg,20,mask,female
001822_female_Asian_18/mask4.jpg,20,mask,female
005001_female_Asian_28/mask2.jpg,20,mask,female
003361_female_Asian_20/mask3.jpg,20,mask,female
003350_female_Asian_19/mask1.jpg,20,mask,female
003348_female_Asian_20/mask3.jpg,20,mask,female
001073_female_Asian_25/mask3.jpg,20,mask,female
003324_female_Asian_20/mask5.jpg,20,mask,female
001588_female_Asian_18/mask1.jpg,20,mask,female
006426_female_Asian_18/mask5.jpg,20,mask,female
006531_female_Asian_20/mask1.jpeg,20,mask,female
003317_female_Asian_19/mask2.jpg,20,mask,female
003057_female_Asian_19/mask1.jpg,20,mask,female
001855_female_Asian_24/mask3.jpg,20,mask,female
001062_female_Asian_25/mask4.jpg,20,mask,female
001368_female_Asian_22/mask3.jpg,20,mask,female
006542_female_Asian_21/mask5.jpg,20,mask,female
001517-1_female_Asian_23/mask4.jpg,20,mask,female
001806_female_Asian_23/mask2.jpg,20,mask,female
006737_female_Asian_19/mask4.jpg,20,mask,female
003302_female_Asian_18/mask2.jpg,20,mask,female
003046_female_Asian_20/mask2.jpg,20,mask,female
004439_female_Asian_22/mask2.jpg,20,mask,female
006407_female_Asian_18/mask4.jpg,20,mask,female
003305_female_Asian_19/mask5.jpg,20,mask,female
006264_female_Asian_20/mask1.jpg,20,mask,female
001062_female_Asian_25/mask2.jpg,20,mask,female
006478_female_Asian_18/mask2.jpg,20,mask,female
006339_female_Asian_18/mask3.jpg,20,mask,female
001302_female_Asian_20/mask2.jpg,20,mask,female
006170_female_Asian_20/mask1.png,20,mask,female
001195_female_Asian_22/mask1.jpg,20,mask,female
006479_female_Asian_18/mask2.jpg,20,mask,female
001044_female_Asian_25/mask5.jpg,20,mask,female
006535_female_Asian_19/mask1.jpeg,20,mask,female
006341_female_Asian_18/mask3.jpg,20,mask,female
003111_female_Asian_19/mask1.jpg,20,mask,female
006580_female_Asian_20/mask5.jpg,20,mask,female
001583-1_female_Asian_19/mask5.jpg,20,mask,female
003239_female_Asian_20/mask3.jpg,20,mask,female
006482_female_Asian_18/mask3.jpg,20,mask,female
001269_female_Asian_23/mask2.jpg,20,mask,female
003035_female_Asian_20/mask1.jpg,20,mask,female
001499_female_Asian_23/mask3.jpg,20,mask,female
003088_female_Asian_19/mask3.jpg,20,mask,female
003352_female_Asian_20/mask3.jpg,20,mask,female
003365_female_Asian_19/mask2.jpg,20,mask,female
001505_female_Asian_24/mask4.jpg,20,mask,female
003117_female_Asian_18/mask5.jpg,20,mask,female
006491_female_Asian_18/mask4.jpg,20,mask,female
006338_female_Asian_18/mask3.jpg,20,mask,female
006434_female_Asian_18/mask4.jpg,20,mask,female
006437_female_Asian_18/mask2.jpg,20,mask,female
001331_female_Asian_23/mask4.jpg,20,mask,female
006533_female_Asian_20/mask4.jpeg,20,mask,female
003056_female_Asian_20/mask2.jpg,20,mask,female
006635_female_Asian_19/mask4.jpg,20,mask,female
003325_female_Asian_19/mask2.jpg,20,mask,female
003175_female_Asian_20/mask1.jpg,20,mask,female
003164_female_Asian_19/mask4.jpg,20,mask,female
003153_female_Asian_19/mask4.jpg,20,mask,female
001822_female_Asian_18/mask1.jpg,20,mask,female
001347_female_Asian_22/mask4.jpg,20,mask,female
001334_female_Asian_24/mask5.jpg,20,mask,female
001357_female_Asian_25/mask2.jpg,20,mask,female
001079_female_Asian_23/mask4.jpg,20,mask,female
001092_female_Asian_18/mask4.jpg,20,mask,female
006528_female_Asian_20/mask4.jpeg,20,mask,female
003156_female_Asian_20/mask3.jpg,20,mask,female
001494-1_female_Asian_23/mask5.jpg,20,mask,female
006494_female_Asian_18/mask3.jpg,20,mask,female
003188_female_Asian_19/mask3.jpg,20,mask,female
003007_female_Asian_19/mask2.jpg,20,mask,female
003184_female_Asian_20/mask4.jpg,20,mask,female
001138_female_Asian_23/mask5.jpg,20,mask,female
001539_female_Asian_28/mask4.jpg,20,mask,female
003084_female_Asian_19/mask2.jpg,20,mask,female
003130_female_Asian_19/mask3.jpg,20,mask,female
006579_female_Asian_20/mask5.jpg,20,mask,female
001072_female_Asian_25/mask4.jpg,20,mask,female
003125_female_Asian_19/mask5.jpg,20,mask,female
001530_female_Asian_22/mask5.jpg,20,mask,female
001057_female_Asian_25/mask5.jpg,20,mask,female
003138_female_Asian_20/mask2.jpg,20,mask,female
001015_female_Asian_22/mask3.jpg,20,mask,female
003038_female_Asian_20/mask1.jpg,20,mask,female
001793_female_Asian_25/mask2.jpg,20,mask,female
003286_female_Asian_19/mask2.jpg,20,mask,female
003386_female_Asian_20/mask3.jpg,20,mask,female
001535_female_Asian_18/mask5.jpg,20,mask,female
006486_female_Asian_18/mask5.jpg,20,mask,female
003168_female_Asian_20/mask5.jpg,20,mask,female
006566_female_Asian_19/mask4.jpg,20,mask,female
003063_female_Asian_19/mask3.jpg,20,mask,female
001864_female_Asian_26/mask2.jpg,20,mask,female
001292_female_Asian_24/mask2.jpg,20,mask,female
005403_female_Asian_21/mask5.jpg,20,mask,female
006476_female_Asian_18/mask3.jpg,20,mask,female
001240_female_Asian_24/mask3.jpg,20,mask,female
003120_female_Asian_19/mask5.jpg,20,mask,female
006589_female_Asian_20/mask5.jpg,20,mask,female
006173_female_Asian_19/mask5.png,20,mask,female
001514_female_Asian_22/mask2.jpg,20,mask,female
006498_female_Asian_18/mask5.jpg,20,mask,female
003113_female_Asian_20/mask2.jpg,20,mask,female
003280_female_Asian_20/mask1.jpg,20,mask,female
006445_female_Asian_18/mask4.jpg,20,mask,female
006353_female_Asian_18/mask5.jpg,20,mask,female
003226_female_Asian_20/mask3.jpg,20,mask,female
006409_female_Asian_18/mask3.jpg,20,mask,female
001267_female_Asian_24/mask5.jpg,20,mask,female
006431_female_Asian_18/mask1.jpg,20,mask,female
006452_female_Asian_18/mask5.jpg,20,mask,female
003266_female_Asian_20/mask1.jpg,20,mask,female
003080_female_Asian_19/mask3.jpg,20,mask,female
003066_female_Asian_19/mask4.jpg,20,mask,female
003195_female_Asian_19/mask3.jpg,20,mask,female
003180_female_Asian_19/mask2.jpg,20,mask,female
001339_female_Asian_26/mask3.jpg,20,mask,female
006488_female_Asian_18/mask4.jpg,20,mask,female
003360_female_Asian_19/mask2.jpg,20,mask,female
006163_female_Asian_18/mask1.png,20,mask,female
006433_female_Asian_18/mask2.jpg,20,mask,female
001033_female_Asian_19/mask2.jpg,20,mask,female
006580_female_Asian_20/mask3.jpeg,20,mask,female
003020_female_Asian_19/mask5.jpg,20,mask,female
001116_female_Asian_25/mask1.jpg,20,mask,female
003095_female_Asian_20/mask2.jpg,20,mask,female
001334_female_Asian_24/mask3.jpg,20,mask,female
003132_female_Asian_19/mask1.jpg,20,mask,female
001339_female_Asian_26/mask4.jpg,20,mask,female
003060_female_Asian_19/mask2.jpg,20,mask,female
006637_female_Asian_19/mask2.jpg,20,mask,female
001302_female_Asian_20/mask4.jpg,20,mask,female
001547_female_Asian_25/mask5.jpg,20,mask,female
001657_female_Asian_18/mask5.jpg,20,mask,female
006422_female_Asian_20/mask5.jpg,20,mask,female
003061_female_Asian_20/mask4.jpg,20,mask,female
006499_female_Asian_18/mask2.jpg,20,mask,female
003396_female_Asian_20/mask4.jpg,20,mask,female
003395_female_Asian_20/mask3.jpg,20,mask,female
006065_female_Asian_19/mask3.png,20,mask,female
001310_female_Asian_25/mask3.jpg,20,mask,female
005047_female_Asian_26/mask3.jpg,20,mask,female
003399_female_Asian_19/mask3.jpg,20,mask,female
006533_female_Asian_20/mask2.jpeg,20,mask,female
006694_female_Asian_19/mask3.jpg,20,mask,female
006440_female_Asian_18/mask2.jpg,20,mask,female
006421_female_Asian_18/mask4.jpg,20,mask,female
001179-1_female_Asian_24/mask4.jpg,20,mask,female
006451_female_Asian_18/mask4.jpg,20,mask,female
003307_female_Asian_19/mask2.jpg,20,mask,female
003084_female_Asian_19/mask1.jpg,20,mask,female
001179-1_female_Asian_24/mask1.jpg,20,mask,female
006268_female_Asian_20/mask5.jpg,20,mask,female
006408_female_Asian_18/mask1.jpg,20,mask,female
001293_female_Asian_24/mask1.jpg,20,mask,female
001660_female_Asian_18/mask1.jpg,20,mask,female
001530_female_Asian_22/mask1.jpg,20,mask,female
003148_female_Asian_20/mask1.jpg,20,mask,female
006335_female_Asian_18/mask3.jpg,20,mask,female
001724_female_Asian_22/mask3.jpg,20,mask,female
003233_female_Asian_19/mask5.jpg,20,mask,female
003227_female_Asian_19/mask3.jpg,20,mask,female
001796_female_Asian_23/mask2.jpg,20,mask,female
001084_female_Asian_26/mask3.jpg,20,mask,female
001249_female_Asian_24/mask4.jpg,20,mask,female
006478_female_Asian_18/mask3.jpg,20,mask,female
006523_female_Asian_19/mask2.jpeg,20,mask,female
003187_female_Asian_20/mask5.jpg,20,mask,female
001218_female_Asian_18/mask1.jpg,20,mask,female
003379_female_Asian_20/mask5.jpg,20,mask,female
001033_female_Asian_19/mask1.jpg,20,mask,female
003093_female_Asian_19/mask1.jpg,20,mask,female
006066_female_Asian_19/mask2.png,20,mask,female
006428_female_Asian_18/mask5.jpg,20,mask,female
003104_female_Asian_19/mask3.jpg,20,mask,female
001258_female_Asian_21/mask2.jpg,20,mask,female
003274_female_Asian_20/mask5.jpg,20,mask,female
006496_female_Asian_18/mask3.jpg,20,mask,female
006498_female_Asian_18/mask4.jpg,20,mask,female
003294_female_Asian_19/mask1.jpg,20,mask,female
001577_female_Asian_25/mask5.jpg,20,mask,female
003362_female_Asian_20/mask1.jpg,20,mask,female
003380_female_Asian_19/mask5.jpg,20,mask,female
001583-1_female_Asian_19/mask4.jpg,20,mask,female
006470_female_Asian_18/mask1.jpg,20,mask,female
006462_female_Asian_18/mask4.jpg,20,mask,female
005407_female_Asian_26/mask5.jpg,20,mask,female
003328_female_Asian_19/mask4.jpg,20,mask,female
003279_female_Asian_19/mask1.jpg,20,mask,female
001041_female_Asian_25/mask4.jpg,20,mask,female
001554_female_Asian_27/mask1.jpg,20,mask,female
003400_female_Asian_19/mask5.jpg,20,mask,female
001068_female_Asian_25/mask4.jpg,20,mask,female
006448_female_Asian_18/mask1.jpg,20,mask,female
006648_female_Asian_19/mask2.jpg,20,mask,female
006461_female_Asian_18/mask1.jpg,20,mask,female
003567_female_Asian_25/mask1.jpg,20,mask,female
003224_female_Asian_19/mask3.jpg,20,mask,female
003303_female_Asian_20/mask1.jpg,20,mask,female
001033_female_Asian_19/mask4.jpg,20,mask,female
001321_female_Asian_27/mask2.jpg,20,mask,female
000225_female_Asian_25/mask1.jpg,20,mask,female
006335_female_Asian_18/mask5.jpg,20,mask,female
003150_female_Asian_19/mask2.jpg,20,mask,female
001282_female_Asian_18/mask5.jpg,20,mask,female
003096_female_Asian_19/mask5.jpg,20,mask,female
001530_female_Asian_22/mask2.jpg,20,mask,female
003345_female_Asian_19/mask2.jpg,20,mask,female
003166_female_Asian_20/mask5.jpg,20,mask,female
003309_female_Asian_20/mask1.jpg,20,mask,female
001276_female_Asian_25/mask5.jpg,20,mask,female
001280_female_Asian_27/mask4.jpg,20,mask,female
001153_female_Asian_25/mask1.jpg,20,mask,female
003294_female_Asian_19/mask3.jpg,20,mask,female
001200_female_Asian_24/mask1.jpg,20,mask,female
003128_female_Asian_19/mask2.jpg,20,mask,female
001240_female_Asian_24/mask2.jpg,20,mask,female
003299_female_Asian_20/mask4.jpg,20,mask,female
004201_female_Asian_18/mask5.jpg,20,mask,female
003181_female_Asian_19/mask4.jpg,20,mask,female
001606_female_Asian_24/mask4.jpg,20,mask,female
003239_female_Asian_20/mask1.jpg,20,mask,female
003109_female_Asian_20/mask2.jpg,20,mask,female
003113_female_Asian_20/mask5.jpg,20,mask,female
006066_female_Asian_19/mask1.png,20,mask,female
001056_female_Asian_25/mask2.jpg,20,mask,female
006439_female_Asian_18/mask5.jpg,20,mask,female
003102_female_Asian_20/mask1.jpg,20,mask,female
003313_female_Asian_20/mask5.jpg,20,mask,female
003143_female_Asian_20/mask5.jpg,20,mask,female
001266_female_Asian_24/mask1.jpg,20,mask,female
003349_female_Asian_20/mask5.jpg,20,mask,female
006454_female_Asian_18/mask4.jpg,20,mask,female
006568_female_Asian_19/mask2.jpg,20,mask,female
006176_female_Asian_19/mask1.png,20,mask,female
001289_female_Asian_23/mask1.jpg,20,mask,female
001066_female_Asian_25/mask2.jpg,20,mask,female
001544_female_Asian_25/mask4.jpg,20,mask,female
005226_female_Asian_20/mask4.jpg,20,mask,female
003184_female_Asian_20/mask2.jpg,20,mask,female
003316_female_Asian_19/mask4.jpg,20,mask,female
006355_female_Asian_18/mask4.jpg,20,mask,female
001292_female_Asian_24/mask4.jpg,20,mask,female
003069_female_Asian_19/mask4.jpg,20,mask,female
003293_female_Asian_19/mask5.jpg,20,mask,female
003400_female_Asian_19/mask4.jpg,20,mask,female
003011_female_Asian_19/mask2.jpg,20,mask,female
001142_female_Asian_19/mask5.jpg,20,mask,female
001725_female_Asian_25/mask3.jpg,20,mask,female
006356_female_Asian_18/mask3.jpg,20,mask,female
006467_female_Asian_18/mask1.jpg,20,mask,female
004470_female_Asian_19/mask2.jpg,20,mask,female
001548_female_Asian_24/mask4.jpg,20,mask,female
003270_female_Asian_19/mask2.jpg,20,mask,female
006172_female_Asian_19/mask1.png,20,mask,female
001539_female_Asian_28/mask3.jpg,20,mask,female
003319_female_Asian_20/mask5.jpg,20,mask,female
003374_female_Asian_20/mask2.jpg,20,mask,female
001498-1_female_Asian_23/mask4.jpg,20,mask,female
006484_female_Asian_18/mask2.jpg,20,mask,female
003171_female_Asian_19/mask3.jpg,20,mask,female
003124_female_Asian_20/mask4.jpg,20,mask,female
003309_female_Asian_20/mask5.jpg,20,mask,female
001646_female_Asian_22/mask5.jpg,20,mask,female
003358_female_Asian_20/mask1.jpg,20,mask,female
006346_female_Asian_18/mask5.jpg,20,mask,female
003386_female_Asian_20/mask2.jpg,20,mask,female
001004_female_Asian_23/mask3.jpg,20,mask,female
005083_female_Asian_27/mask5.jpg,20,mask,female
001512_female_Asian_18/mask1.jpg,20,mask,female
004205_female_Asian_20/mask1.jpg,20,mask,female
003370_female_Asian_19/mask3.jpg,20,mask,female
003002_female_Asian_20/mask3.jpg,20,mask,female
006407_female_Asian_18/mask3.jpg,20,mask,female
003146_female_Asian_20/mask4.jpg,20,mask,female
001125_female_Asian_27/mask1.jpg,20,mask,female
005021_female_Asian_18/mask5.jpg,20,mask,female
001245_female_Asian_23/mask2.jpg,20,mask,female
003264_female_Asian_19/mask5.jpg,20,mask,female
003102_female_Asian_20/mask3.jpg,20,mask,female
001315_female_Asian_24/mask1.jpg,20,mask,female
003321_female_Asian_19/mask3.jpg,20,mask,female
006447_female_Asian_18/mask1.jpg,20,mask,female
005002_female_Asian_28/mask1.jpg,20,mask,female
001051_female_Asian_25/mask3.jpg,20,mask,female
006438_female_Asian_18/mask2.jpg,20,mask,female
003162_female_Asian_19/mask4.jpg,20,mask,female
001730_female_Asian_22/mask5.jpg,20,mask,female
005021_female_Asian_18/mask3.jpg,20,mask,female
001295_female_Asian_21/mask2.jpg,20,mask,female
006535_female_Asian_19/mask5.jpeg,20,mask,female
001337_female_Asian_25/mask5.jpg,20,mask,female
003085_female_Asian_20/mask4.jpg,20,mask,female
001060_female_Asian_25/mask1.jpg,20,mask,female
003349_female_Asian_20/mask4.jpg,20,mask,female
004414_female_Asian_20/mask5.jpg,20,mask,female
006441_female_Asian_18/mask4.jpg,20,mask,female
006469_female_Asian_18/mask2.jpg,20,mask,female
006452_female_Asian_18/mask2.jpg,20,mask,female
001548_female_Asian_24/mask3.jpg,20,mask,female
003325_female_Asian_19/mask4.jpg,20,mask,female
003068_female_Asian_20/mask3.jpg,20,mask,female
001492-1_female_Asian_22/mask1.jpg,20,mask,female
005021_female_Asian_18/mask4.jpg,20,mask,female
003066_female_Asian_19/mask3.jpg,20,mask,female
003285_female_Asian_20/mask1.jpg,20,mask,female
001566_female_Asian_26/mask3.jpg,20,mask,female
003104_female_Asian_19/mask5.jpg,20,mask,female
004326_female_Asian_19/mask4.jpg,20,mask,female
004326_female_Asian_19/mask5.jpg,20,mask,female
006493_female_Asian_18/mask5.jpg,20,mask,female
003154_female_Asian_19/mask1.jpg,20,mask,female
003004_female_Asian_19/mask4.jpg,20,mask,female
006405_female_Asian_18/mask2.jpg,20,mask,female
003373_female_Asian_20/mask4.jpg,20,mask,female
003036_female_Asian_19/mask5.jpg,20,mask,female
006460_female_Asian_18/mask5.jpg,20,mask,female
006442_female_Asian_18/mask4.jpg,20,mask,female
003233_female_Asian_19/mask2.jpg,20,mask,female
003106_female_Asian_20/mask1.jpg,20,mask,female
006351_female_Asian_18/mask3.jpg,20,mask,female
001526_female_Asian_24/mask5.jpg,20,mask,female
001572_female_Asian_26/mask2.jpg,20,mask,female
003397_female_Asian_20/mask3.jpg,20,mask,female
006555_female_Asian_21/mask4.jpeg,20,mask,female
003355_female_Asian_19/mask1.jpg,20,mask,female
006487_female_Asian_18/mask2.jpg,20,mask,female
006636_female_Asian_19/mask1.jpg,20,mask,female
003264_female_Asian_19/mask2.jpg,20,mask,female
003269_female_Asian_19/mask5.jpg,20,mask,female
001084_female_Asian_26/mask5.jpg,20,mask,female
003567_female_Asian_25/mask4.jpg,20,mask,female
006414_female_Asian_18/mask2.jpg,20,mask,female
003144_female_Asian_19/mask2.jpg,20,mask,female
003100_female_Asian_20/mask2.jpg,20,mask,female
001032_female_Asian_25/mask4.jpg,20,mask,female
001330_female_Asian_28/mask3.jpg,20,mask,female
001018_female_Asian_25/mask4.jpg,20,mask,female
006503_female_Asian_28/mask3.jpeg,20,mask,female
001120_female_Asian_28/mask3.jpg,20,mask,female
003132_female_Asian_19/mask3.jpg,20,mask,female
006418_female_Asian_18/mask1.jpg,20,mask,female
005226_female_Asian_20/mask1.jpg,20,mask,female
003320_female_Asian_19/mask3.jpg,20,mask,female
003317_female_Asian_19/mask3.jpg,20,mask,female
003003_female_Asian_18/mask3.jpg,20,mask,female
005443_female_Asian_23/mask3.jpg,20,mask,female
001334_female_Asian_24/mask4.jpg,20,mask,female
003316_female_Asian_19/mask1.jpg,20,mask,female
001624_female_Asian_23/mask1.jpg,20,mask,female
003371_female_Asian_19/mask1.jpg,20,mask,female
004426_female_Asian_24/mask5.jpg,20,mask,female
001646_female_Asian_22/mask2.jpg,20,mask,female
006269_female_Asian_20/mask1.jpg,20,mask,female
003133_female_Asian_19/mask1.jpg,20,mask,female
003228_female_Asian_19/mask3.jpg,20,mask,female
003363_female_Asian_19/mask4.jpg,20,mask,female
006259_female_Asian_20/mask1.jpg,20,mask,female
003095_female_Asian_20/mask3.jpg,20,mask,female
001804_female_Asian_23/mask1.jpg,20,mask,female
003309_female_Asian_20/mask2.jpg,20,mask,female
006445_female_Asian_18/mask1.jpg,20,mask,female
004461_female_Asian_59/mask1.jpg,39,mask,female
001868_female_Asian_52/mask5.jpg,39,mask,female
005494_female_Asian_47/mask3.jpg,39,mask,female
003889_female_Asian_35/mask5.jpg,39,mask,female
000554_female_Asian_54/mask4.jpg,39,mask,female
000562_female_Asian_58/mask2.jpg,39,mask,female
003871_female_Asian_57/mask3.jpg,39,mask,female
000636_female_Asian_51/mask1.jpg,39,mask,female
005123_female_Asian_54/mask4.jpg,39,mask,female
001841_female_Asian_40/mask3.jpg,39,mask,female
000031_female_Asian_54/mask2.jpg,39,mask,female
001986_female_Asian_56/mask5.jpg,39,mask,female
000498_female_Asian_56/mask2.jpg,39,mask,female
003801_female_Asian_49/mask5.jpg,39,mask,female
000526_female_Asian_59/mask1.jpg,39,mask,female
004254_female_Asian_53/mask2.jpg,39,mask,female
001488_female_Asian_57/mask5.jpg,39,mask,female
003403-1_female_Asian_50/mask5.jpg,39,mask,female
004308_female_Asian_53/mask4.jpg,39,mask,female
005087_female_Asian_33/mask5.jpg,39,mask,female
000818_female_Asian_52/mask4.jpg,39,mask,female
000529_female_Asian_51/mask1.jpg,39,mask,female
001707_female_Asian_56/mask3.jpg,39,mask,female
000751_female_Asian_56/mask1.jpg,39,mask,female
003791_female_Asian_50/mask5.jpg,39,mask,female
003841_female_Asian_58/mask2.jpg,39,mask,female
000768_female_Asian_58/mask5.jpg,39,mask,female
001378_female_Asian_55/mask2.jpg,39,mask,female
000779_female_Asian_50/mask5.jpg,39,mask,female
000900_female_Asian_48/mask3.jpg,39,mask,female
004098_female_Asian_56/mask2.jpg,39,mask,female
001667_female_Asian_45/mask1.jpg,39,mask,female
003467_female_Asian_57/mask5.jpg,39,mask,female
000525_female_Asian_53/mask4.jpg,39,mask,female
000747_female_Asian_52/mask5.jpg,39,mask,female
001621_female_Asian_34/mask1.jpg,39,mask,female
004242_female_Asian_53/mask1.jpg,39,mask,female
005415_female_Asian_50/mask3.jpg,39,mask,female
001180_female_Asian_48/mask4.jpg,39,mask,female
000644_female_Asian_54/mask3.jpg,39,mask,female
000647_female_Asian_53/mask4.jpg,39,mask,female
001528_female_Asian_34/mask4.jpg,39,mask,female
000286_female_Asian_51/mask2.jpg,39,mask,female
000273_female_Asian_56/mask5.jpg,39,mask,female
000725_female_Asian_50/mask2.jpg,39,mask,female
001760_female_Asian_50/mask4.jpg,39,mask,female
004375_female_Asian_59/mask4.jpg,39,mask,female
003853_female_Asian_57/mask1.jpg,39,mask,female
003889_female_Asian_35/mask1.jpg,39,mask,female
004371_female_Asian_56/mask2.jpg,39,mask,female
005409_female_Asian_55/mask4.jpg,39,mask,female
000657_female_Asian_52/mask1.jpg,39,mask,female
000567_female_Asian_51/mask3.jpg,39,mask,female
005093_female_Asian_49/mask4.jpg,39,mask,female
000738_female_Asian_53/mask4.jpg,39,mask,female
000631_female_Asian_57/mask1.jpg,39,mask,female
001771_female_Asian_54/mask3.jpg,39,mask,female
001170_female_Asian_55/mask3.jpg,39,mask,female
003781_female_Asian_56/mask3.jpg,39,mask,female
005422_female_Asian_50/mask3.jpg,39,mask,female
000670_female_Asian_51/mask4.jpg,39,mask,female
000228_female_Asian_56/mask3.jpg,39,mask,female
005409_female_Asian_55/mask5.jpg,39,mask,female
005003_female_Asian_45/mask2.jpg,39,mask,female
000218_female_Asian_59/mask4.jpg,39,mask,female
005529_female_Asian_44/mask2.jpg,39,mask,female
005483_female_Asian_45/mask4.jpg,39,mask,female
000536_female_Asian_51/mask1.jpg,39,mask,female
000713_female_Asian_51/mask3.jpg,39,mask,female
003885_female_Asian_52/mask2.jpg,39,mask,female
003458_female_Asian_46/mask4.jpg,39,mask,female
001800_female_Asian_54/mask5.jpg,39,mask,female
003402_female_Asian_53/mask2.jpg,39,mask,female
000699_female_Asian_57/mask2.jpg,39,mask,female
005457_female_Asian_36/mask2.jpg,39,mask,female
001464-1_female_Asian_56/mask3.jpg,39,mask,female
000718_female_Asian_56/mask4.jpg,39,mask,female
005450_female_Asian_48/mask3.jpg,39,mask,female
004097_female_Asian_59/mask5.jpg,39,mask,female
003798_female_Asian_50/mask3.jpg,39,mask,female
004376_female_Asian_58/mask2.jpg,39,mask,female
003505-1_female_Asian_58/mask2.jpg,39,mask,female
000243_female_Asian_58/mask1.jpg,39,mask,female
004329_female_Asian_56/mask5.jpg,39,mask,female
003426_female_Asian_50/mask3.jpg,39,mask,female
004321_female_Asian_59/mask3.jpg,39,mask,female
001780_female_Asian_54/mask4.jpg,39,mask,female
001632_female_Asian_58/mask1.jpg,39,mask,female
003887_female_Asian_32/mask4.jpg,39,mask,female
005447_female_Asian_52/mask4.jpg,39,mask,female
005436_female_Asian_52/mask5.jpg,39,mask,female
001442_female_Asian_43/mask5.jpg,39,mask,female
003421_female_Asian_38/mask3.jpg,39,mask,female
003467_female_Asian_57/mask4.jpg,39,mask,female
000646_female_Asian_51/mask1.jpg,39,mask,female
005140_female_Asian_32/mask5.jpg,39,mask,female
000900_female_Asian_48/mask1.jpg,39,mask,female
003801_female_Asian_49/mask2.jpg,39,mask,female
005517_female_Asian_56/mask5.jpg,39,mask,female
005029_female_Asian_49/mask3.jpg,39,mask,female
001441_female_Asian_54/mask5.jpg,39,mask,female
000070_female_Asian_58/mask3.jpg,39,mask,female
000255_female_Asian_59/mask2.jpg,39,mask,female
005419_female_Asian_38/mask4.jpg,39,mask,female
000789_female_Asian_54/mask3.jpg,39,mask,female
000720_female_Asian_56/mask1.jpg,39,mask,female
004345_female_Asian_59/mask1.jpg,39,mask,female
000014_female_Asian_58/mask3.jpg,39,mask,female
000816_female_Asian_54/mask2.jpg,39,mask,female
001614_female_Asian_44/mask3.jpg,39,mask,female
000765_female_Asian_57/mask4.jpg,39,mask,female
000276_female_Asian_58/mask3.jpg,39,mask,female
005111_female_Asian_53/mask4.jpg,39,mask,female
005470_female_Asian_42/mask1.jpg,39,mask,female
000640_female_Asian_57/mask4.jpg,39,mask,female
000567_female_Asian_51/mask4.jpg,39,mask,female
005016_female_Asian_46/mask3.jpg,39,mask,female
005484_female_Asian_56/mask1.jpg,39,mask,female
000688_female_Asian_57/mask5.jpg,39,mask,female
000743_female_Asian_51/mask5.jpg,39,mask,female
001574_female_Asian_34/mask1.jpg,39,mask,female
004432_female_Asian_43/mask5.jpg,39,mask,female
001467_female_Asian_53/mask1.jpg,39,mask,female
000633_female_Asian_59/mask1.jpg,39,mask,female
004087_female_Asian_58/mask2.jpg,39,mask,female
000525_female_Asian_53/mask2.jpg,39,mask,female
004432_female_Asian_43/mask2.jpg,39,mask,female
005524_female_Asian_38/mask2.jpg,39,mask,female
001504_female_Asian_56/mask1.jpg,39,mask,female
004257_female_Asian_57/mask2.jpg,39,mask,female
000740_female_Asian_52/mask4.jpg,39,mask,female
001736_female_Asian_36/mask4.jpg,39,mask,female
003429_female_Asian_51/mask4.jpg,39,mask,female
003786_female_Asian_45/mask1.jpg,39,mask,female
003892_female_Asian_42/mask1.jpg,39,mask,female
001975_female_Asian_57/mask2.jpg,39,mask,female
001560_female_Asian_58/mask5.jpg,39,mask,female
000517_female_Asian_58/mask1.jpg,39,mask,female
000820_female_Asian_51/mask1.jpg,39,mask,female
000273_female_Asian_56/mask3.jpg,39,mask,female
001655_female_Asian_58/mask3.jpg,39,mask,female
003781_female_Asian_56/mask2.jpg,39,mask,female
000769_female_Asian_56/mask4.jpg,39,mask,female
005536_female_Asian_39/mask5.jpg,39,mask,female
003418_female_Asian_53/mask3.jpg,39,mask,female
003786_female_Asian_45/mask3.jpg,39,mask,female
000725_female_Asian_50/mask5.jpg,39,mask,female
000645_female_Asian_57/mask2.jpg,39,mask,female
005417_female_Asian_43/mask3.jpg,39,mask,female
003412_female_Asian_48/mask3.jpg,39,mask,female
004164_female_Asian_53/mask4.jpg,39,mask,female
004325_female_Asian_42/mask2.jpg,39,mask,female
000760_female_Asian_50/mask1.jpg,39,mask,female
000513_female_Asian_58/mask5.jpg,39,mask,female
003799_female_Asian_54/mask3.jpg,39,mask,female
000214_female_Asian_51/mask1.jpg,39,mask,female
001985_female_Asian_34/mask1.jpg,39,mask,female
005456_female_Asian_45/mask2.jpg,39,mask,female
003481_female_Asian_56/mask2.jpg,39,mask,female
003578_female_Asian_51/mask3.jpg,39,mask,female
003852_female_Asian_42/mask1.jpg,39,mask,female
000684_female_Asian_56/mask2.jpg,39,mask,female
004455_female_Asian_55/mask2.jpg,39,mask,female
005487_female_Asian_48/mask4.jpg,39,mask,female
000542_female_Asian_58/mask2.jpg,39,mask,female
000747_female_Asian_52/mask2.jpg,39,mask,female
003441_female_Asian_50/mask3.jpg,39,mask,female
000667_female_Asian_57/mask5.jpg,39,mask,female
000639_female_Asian_54/mask3.jpg,39,mask,female
000607_female_Asian_53/mask1.jpg,39,mask,female
000577_female_Asian_57/mask5.jpg,39,mask,female
000552_female_Asian_56/mask5.jpg,39,mask,female
000778_female_Asian_56/mask5.jpg,39,mask,female
000020_female_Asian_50/mask1.jpg,39,mask,female
005454_female_Asian_58/mask1.jpg,39,mask,female
000620_female_Asian_51/mask3.jpg,39,mask,female
000007_female_Asian_58/mask3.jpg,39,mask,female
000831_female_Asian_55/mask2.jpg,39,mask,female
005447_female_Asian_52/mask1.jpg,39,mask,female
004248_female_Asian_38/mask3.jpg,39,mask,female
004093_female_Asian_58/mask4.jpg,39,mask,female
005445_female_Asian_53/mask4.jpg,39,mask,female
003482_female_Asian_57/mask3.jpg,39,mask,female
003429_female_Asian_51/mask1.jpg,39,mask,female
000589_female_Asian_56/mask3.jpg,39,mask,female
000038_female_Asian_58/mask3.jpg,39,mask,female
003459_female_Asian_48/mask3.jpg,39,mask,female
000776_female_Asian_57/mask5.jpg,39,mask,female
001759_female_Asian_46/mask2.jpg,39,mask,female
003401_female_Asian_49/mask2.jpg,39,mask,female
003882_female_Asian_36/mask2.jpg,39,mask,female
005123_female_Asian_54/mask3.jpg,39,mask,female
004428_female_Asian_56/mask4.jpg,39,mask,female
000227_female_Asian_59/mask2.jpg,39,mask,female
003469_female_Asian_55/mask3.jpg,39,mask,female
000224_female_Asian_56/mask1.jpg,39,mask,female
000215_female_Asian_59/mask5.jpg,39,mask,female
000542_female_Asian_58/mask1.jpg,39,mask,female
003409_female_Asian_56/mask1.jpg,39,mask,female
003481_female_Asian_56/mask4.jpg,39,mask,female
005534_female_Asian_40/mask3.jpg,39,mask,female
000499_female_Asian_58/mask1.jpg,39,mask,female
000265_female_Asian_58/mask1.jpg,39,mask,female
003448_female_Asian_54/mask3.jpg,39,mask,female
003879_female_Asian_51/mask2.jpg,39,mask,female
000294_female_Asian_53/mask4.jpg,39,mask,female
000073_female_Asian_52/mask4.jpg,39,mask,female
004078_female_Asian_53/mask3.jpg,39,mask,female
001985_female_Asian_34/mask2.jpg,39,mask,female
000304_female_Asian_51/mask2.jpg,39,mask,female
000574_female_Asian_56/mask4.jpg,39,mask,female
001520_female_Asian_47/mask2.jpg,39,mask,female
000689_female_Asian_57/mask5.jpg,39,mask,female
005129_female_Asian_55/mask2.jpg,39,mask,female
001770_female_Asian_47/mask2.jpg,39,mask,female
001987_female_Asian_48/mask5.jpg,39,mask,female
000498_female_Asian_56/mask3.jpg,39,mask,female
004331_female_Asian_48/mask5.jpg,39,mask,female
003484_female_Asian_52/mask2.jpg,39,mask,female
005543_female_Asian_30/mask1.jpg,39,mask,female
000559_female_Asian_59/mask2.jpg,39,mask,female
001667_female_Asian_45/mask3.jpg,39,mask,female
001574_female_Asian_34/mask5.jpg,39,mask,female
003739_female_Asian_55/mask5.jpg,39,mask,female
000270_female_Asian_49/mask3.jpg,39,mask,female
000642_female_Asian_54/mask5.jpg,39,mask,female
000007_female_Asian_58/mask2.jpg,39,mask,female
000789_female_Asian_54/mask5.jpg,39,mask,female
000668_female_Asian_53/mask2.jpg,39,mask,female
000263_female_Asian_48/mask3.jpg,39,mask,female
001779_female_Asian_53/mask4.jpg,39,mask,female
000533_female_Asian_54/mask1.jpg,39,mask,female
001558_female_Asian_57/mask3.jpg,39,mask,female
000653_female_Asian_52/mask5.jpg,39,mask,female
004220_female_Asian_56/mask3.jpg,39,mask,female
001882_female_Asian_52/mask2.jpg,39,mask,female
001070_female_Asian_58/mask1.jpg,39,mask,female
000610_female_Asian_52/mask4.jpg,39,mask,female
000766_female_Asian_53/mask3.jpg,39,mask,female
004362_female_Asian_58/mask4.jpg,39,mask,female
005494_female_Asian_47/mask2.jpg,39,mask,female
000668_female_Asian_53/mask5.jpg,39,mask,female
003802_female_Asian_53/mask4.jpg,39,mask,female
003739_female_Asian_55/mask2.jpg,39,mask,female
000771_female_Asian_58/mask4.jpg,39,mask,female
001740_female_Asian_50/mask3.jpg,39,mask,female
005527_female_Asian_40/mask2.jpg,39,mask,female
005456_female_Asian_45/mask4.jpg,39,mask,female
000715_female_Asian_56/mask2.jpg,39,mask,female
005521_female_Asian_50/mask5.jpg,39,mask,female
000664_female_Asian_55/mask3.jpg,39,mask,female
005146_female_Asian_40/mask1.jpg,39,mask,female
004345_female_Asian_59/mask4.jpg,39,mask,female
000018_female_Asian_59/mask1.jpg,39,mask,female
003778_female_Asian_57/mask2.jpg,39,mask,female
003863_female_Asian_56/mask1.jpg,39,mask,female
000274_female_Asian_54/mask5.jpg,39,mask,female
000733_female_Asian_56/mask1.jpg,39,mask,female
000591_female_Asian_55/mask2.jpg,39,mask,female
000589_female_Asian_56/mask5.jpg,39,mask,female
004371_female_Asian_56/mask4.jpg,39,mask,female
003810_female_Asian_49/mask4.jpg,39,mask,female
001986_female_Asian_56/mask1.jpg,39,mask,female
000647_female_Asian_53/mask3.jpg,39,mask,female
000313_female_Asian_54/mask3.jpg,39,mask,female
005057_female_Asian_58/mask2.jpg,39,mask,female
000277_female_Asian_54/mask4.jpg,39,mask,female
001622_female_Asian_40/mask2.jpg,39,mask,female
000746_female_Asian_53/mask5.jpg,39,mask,female
001906_female_Asian_50/mask3.jpg,39,mask,female
000725_female_Asian_50/mask4.jpg,39,mask,female
000641_female_Asian_57/mask2.jpg,39,mask,female
001925_female_Asian_50/mask5.jpg,39,mask,female
000040_female_Asian_57/mask3.jpg,39,mask,female
004220_female_Asian_56/mask5.jpg,39,mask,female
003846_female_Asian_57/mask1.jpg,39,mask,female
003559_female_Asian_56/mask2.jpg,39,mask,female
005521_female_Asian_50/mask4.jpg,39,mask,female
000533_female_Asian_54/mask3.jpg,39,mask,female
000255_female_Asian_59/mask4.jpg,39,mask,female
001908_female_Asian_53/mask4.jpg,39,mask,female
001767_female_Asian_50/mask4.jpg,39,mask,female
000573_female_Asian_50/mask5.jpg,39,mask,female
004222_female_Asian_55/mask5.jpg,39,mask,female
000663_female_Asian_57/mask4.jpg,39,mask,female
001771_female_Asian_54/mask5.jpg,39,mask,female
000034_female_Asian_55/mask4.jpg,39,mask,female
005452_female_Asian_58/mask3.jpg,39,mask,female
001461_female_Asian_50/mask1.jpg,39,mask,female
000334_female_Asian_52/mask5.jpg,39,mask,female
000636_female_Asian_51/mask2.jpg,39,mask,female
000631_female_Asian_57/mask4.jpg,39,mask,female
000069_female_Asian_54/mask4.jpg,39,mask,female
000007_female_Asian_58/mask1.jpg,39,mask,female
003841_female_Asian_58/mask5.jpg,39,mask,female
000244_female_Asian_56/mask1.jpg,39,mask,female
003780_female_Asian_48/mask3.jpg,39,mask,female
001376_female_Asian_58/mask4.jpg,39,mask,female
000031_female_Asian_54/mask3.jpg,39,mask,female
003426_female_Asian_50/mask2.jpg,39,mask,female
001617_female_Asian_37/mask5.jpg,39,mask,female
004368_female_Asian_54/mask3.jpg,39,mask,female
000266_female_Asian_58/mask4.jpg,39,mask,female
000699_female_Asian_57/mask1.jpg,39,mask,female
000293_female_Asian_57/mask5.jpg,39,mask,female
001790_female_Asian_50/mask1.jpg,39,mask,female
005502_female_Asian_49/mask1.jpg,39,mask,female
000747_female_Asian_52/mask3.jpg,39,mask,female
005014_female_Asian_35/mask1.jpg,39,mask,female
000005_female_Asian_58/mask5.jpg,39,mask,female
000079_female_Asian_57/mask3.jpg,39,mask,female
003705_female_Asian_58/mask3.jpg,39,mask,female
000662_female_Asian_53/mask2.jpg,39,mask,female
000652_female_Asian_58/mask3.jpg,39,mask,female
003484_female_Asian_52/mask4.jpg,39,mask,female
003768_female_Asian_50/mask5.jpg,39,mask,female
003762_female_Asian_44/mask1.jpg,39,mask,female
005528_female_Asian_40/mask4.jpg,39,mask,female
000799_female_Asian_51/mask2.jpg,39,mask,female
001661_female_Asian_45/mask2.jpg,39,mask,female
005520_female_Asian_51/mask2.jpg,39,mask,female
003481_female_Asian_56/mask3.jpg,39,mask,female
004467_female_Asian_49/mask3.jpg,39,mask,female
005425_female_Asian_40/mask1.jpg,39,mask,female
001473_female_Asian_51/mask1.jpg,39,mask,female
003707_female_Asian_59/mask5.jpg,39,mask,female
005489_female_Asian_43/mask3.jpg,39,mask,female
000695_female_Asian_53/mask2.jpg,39,mask,female
000296_female_Asian_57/mask2.jpg,39,mask,female
000062_female_Asian_55/mask2.jpg,39,mask,female
003886_female_Asian_52/mask4.jpg,39,mask,female
003774_female_Asian_30/mask1.jpg,39,mask,female
000614_female_Asian_56/mask1.jpg,39,mask,female
001655_female_Asian_58/mask1.jpg,39,mask,female
000635_female_Asian_58/mask5.jpg,39,mask,female
003893_female_Asian_46/mask1.jpg,39,mask,female
000274_female_Asian_54/mask1.jpg,39,mask,female
000600-1_female_Asian_54/mask2.jpg,39,mask,female
001158_female_Asian_56/mask1.jpg,39,mask,female
001082_female_Asian_51/mask5.jpg,39,mask,female
003600_female_Asian_59/mask2.jpg,39,mask,female
004376_female_Asian_58/mask1.jpg,39,mask,female
000713_female_Asian_51/mask2.jpg,39,mask,female
001186_female_Asian_50/mask5.jpg,39,mask,female
003452_female_Asian_48/mask3.jpg,39,mask,female
001519_female_Asian_54/mask5.jpg,39,mask,female
000520_female_Asian_59/mask3.jpg,39,mask,female
001158_female_Asian_56/mask4.jpg,39,mask,female
005027_female_Asian_53/mask1.jpg,39,mask,female
000636_female_Asian_51/mask3.jpg,39,mask,female
001467_female_Asian_53/mask2.jpg,39,mask,female
003403-1_female_Asian_50/mask1.jpg,39,mask,female
000292_female_Asian_57/mask1.jpg,39,mask,female
005463_female_Asian_48/mask1.jpg,39,mask,female
000776_female_Asian_57/mask2.jpg,39,mask,female
000577_female_Asian_57/mask1.jpg,39,mask,female
001148_female_Asian_58/mask2.jpg,39,mask,female
004382_female_Asian_55/mask1.jpg,39,mask,female
000005_female_Asian_58/mask3.jpg,39,mask,female
005038_female_Asian_51/mask3.jpg,39,mask,female
005516_female_Asian_52/mask2.jpg,39,mask,female
004097_female_Asian_59/mask3.jpg,39,mask,female
000766_female_Asian_53/mask5.jpg,39,mask,female
003576_female_Asian_56/mask1.jpg,39,mask,female
000048_female_Asian_57/mask1.jpg,39,mask,female
005518_female_Asian_49/mask4.jpg,39,mask,female
003562_female_Asian_54/mask1.jpg,39,mask,female
000210_female_Asian_54/mask3.jpg,39,mask,female
003753_female_Asian_50/mask3.jpg,39,mask,female
003726_female_Asian_58/mask3.jpg,39,mask,female
001165_female_Asian_44/mask5.jpg,39,mask,female
001745_female_Asian_47/mask1.jpg,39,mask,female
001919_female_Asian_53/mask2.jpg,39,mask,female
005067_female_Asian_58/mask4.jpg,39,mask,female
004457_female_Asian_59/mask1.jpg,39,mask,female
000553_female_Asian_58/mask3.jpg,39,mask,female
000041_female_Asian_58/mask5.jpg,39,mask,female
005428_female_Asian_48/mask5.jpg,39,mask,female
000679_female_Asian_55/mask1.jpg,39,mask,female
004305_female_Asian_48/mask1.jpg,39,mask,female
003467_female_Asian_57/mask3.jpg,39,mask,female
000276_female_Asian_58/mask5.jpg,39,mask,female
005439_female_Asian_58/mask2.jpg,39,mask,female
000539_female_Asian_54/mask2.jpg,39,mask,female
000730_female_Asian_51/mask4.jpg,39,mask,female
004242_female_Asian_53/mask2.jpg,39,mask,female
004472_female_Asian_49/mask3.jpg,39,mask,female
000616_female_Asian_57/mask2.jpg,39,mask,female
003877_female_Asian_55/mask2.jpg,39,mask,female
005475_female_Asian_44/mask2.jpg,39,mask,female
000818_female_Asian_52/mask2.jpg,39,mask,female
001712_female_Asian_56/mask2.jpg,39,mask,female
000209_female_Asian_56/mask5.jpg,39,mask,female
000529_female_Asian_51/mask4.jpg,39,mask,female
000301_female_Asian_55/mask2.jpg,39,mask,female
003474_female_Asian_48/mask2.jpg,39,mask,female
005093_female_Asian_49/mask5.jpg,39,mask,female
000732_female_Asian_54/mask1.jpg,39,mask,female
005528_female_Asian_40/mask3.jpg,39,mask,female
000069_female_Asian_54/mask2.jpg,39,mask,female
000820_female_Asian_51/mask3.jpg,39,mask,female
003753_female_Asian_50/mask2.jpg,39,mask,female
005520_female_Asian_51/mask3.jpg,39,mask,female
005490_female_Asian_42/mask1.jpg,39,mask,female
004457_female_Asian_59/mask3.jpg,39,mask,female
005534_female_Asian_40/mask1.jpg,39,mask,female
000633_female_Asian_59/mask5.jpg,39,mask,female
000030_female_Asian_55/mask3.jpg,39,mask,female
000075_female_Asian_56/mask5.jpg,39,mask,female
003508-1_female_Asian_60/mask5.jpg,60,mask,female
001459_female_Asian_60/mask2.jpg,60,mask,female
004476_female_Asian_60/mask3.jpg,60,mask,female
004290_female_Asian_60/mask5.jpg,60,mask,female
003833_female_Asian_60/mask1.jpg,60,mask,female
001487_female_Asian_60/mask5.jpg,60,mask,female
001581_female_Asian_60/mask5.jpg,60,mask,female
004478_female_Asian_60/mask1.jpg,60,mask,female
001468_female_Asian_60/mask5.jpg,60,mask,female
001480_female_Asian_60/mask1.jpg,60,mask,female
001487_female_Asian_60/mask3.jpg,60,mask,female
001903_female_Asian_60/mask5.jpg,60,mask,female
001459_female_Asian_60/mask3.jpg,60,mask,female
004287_female_Asian_60/mask4.jpg,60,mask,female
005504_female_Asian_60/mask5.jpg,60,mask,female
003723_female_Asian_60/mask4.jpg,60,mask,female
003772_female_Asian_60/mask4.jpg,60,mask,female
001903_female_Asian_60/mask1.jpg,60,mask,female
004323_female_Asian_60/mask2.jpg,60,mask,female
005412_female_Asian_60/mask4.jpg,60,mask,female
004230_female_Asian_60/mask1.jpg,60,mask,female
001593_female_Asian_60/mask4.jpg,60,mask,female
003742_female_Asian_60/mask3.jpg,60,mask,female
001480_female_Asian_60/mask3.jpg,60,mask,female
004266_female_Asian_60/mask2.jpg,60,mask,female
004281_female_Asian_60/mask3.jpg,60,mask,female
003728_female_Asian_60/mask2.jpg,60,mask,female
004339_female_Asian_60/mask1.jpg,60,mask,female
004380_female_Asian_60/mask3.jpg,60,mask,female
003742_female_Asian_60/mask5.jpg,60,mask,female
004396_female_Asian_60/mask3.jpg,60,mask,female
001172_female_Asian_60/mask4.jpg,60,mask,female
004463_female_Asian_60/mask2.jpg,60,mask,female
004477_female_Asian_60/mask2.jpg,60,mask,female
003736_female_Asian_60/mask5.jpg,60,mask,female
001549_female_Asian_60/mask5.jpg,60,mask,female
005412_female_Asian_60/mask2.jpg,60,mask,female
001656_female_Asian_60/mask2.jpg,60,mask,female
003718_female_Asian_60/mask4.jpg,60,mask,female
004226_female_Asian_60/mask5.jpg,60,mask,female
004215_female_Asian_60/mask4.jpg,60,mask,female
004312_female_Asian_60/mask2.jpg,60,mask,female
004363_female_Asian_60/mask4.jpg,60,mask,female
005412_female_Asian_60/mask1.jpg,60,mask,female
005446_female_Asian_60/mask5.jpg,60,mask,female
004459_female_Asian_60/mask5.jpg,60,mask,female
004239_female_Asian_60/mask3.jpg,60,mask,female
004340_female_Asian_60/mask2.jpg,60,mask,female
004231_female_Asian_60/mask5.jpg,60,mask,female
001459_female_Asian_60/mask1.jpg,60,mask,female
004363_female_Asian_60/mask5.jpg,60,mask,female
004215_female_Asian_60/mask5.jpg,60,mask,female
004218_female_Asian_60/mask1.jpg,60,mask,female
003552_female_Asian_60/mask3.jpg,60,mask,female
004264_female_Asian_60/mask1.jpg,60,mask,female
001231_male_Asian_26/incorrect_mask.jpg,19,incorrect,male
001174_male_Asian_25/incorrect_mask.jpg,19,incorrect,male
006090_male_Asian_19/incorrect_mask.jpg,19,incorrect,male
006155_male_Asian_20/incorrect_mask.png,19,incorrect,male
006668_male_Asian_22/incorrect_mask.jpg,19,incorrect,male
006657_male_Asian_20/incorrect_mask.jpeg,19,incorrect,male
006132_male_Asian_19/incorrect_mask.png,19,incorrect,male
006944_male_Asian_20/incorrect_mask.jpg,19,incorrect,male
006099_male_Asian_19/incorrect_mask.jpg,19,incorrect,male
006746_male_Asian_19/incorrect_mask.jpg,19,incorrect,male
005231_male_Asian_19/incorrect_mask.jpg,19,incorrect,male
006240_male_Asian_20/incorrect_mask.png,19,incorrect,male
005281_male_Asian_22/incorrect_mask.jpg,19,incorrect,male
005232_male_Asian_18/incorrect_mask.jpg,19,incorrect,male
001287_male_Asian_26/incorrect_mask.jpg,19,incorrect,male
005223_male_Asian_22/incorrect_mask.jpg,19,incorrect,male
005228_male_Asian_23/incorrect_mask.jpg,19,incorrect,male
006615_male_Asian_19/incorrect_mask.jpeg,19,incorrect,male
001829_male_Asian_24/incorrect_mask.jpg,19,incorrect,male
001726_male_Asian_26/incorrect_mask.jpg,19,incorrect,male
006563_male_Asian_20/incorrect_mask.jpg,19,incorrect,male
001817_male_Asian_23/incorrect_mask.jpg,19,incorrect,male
006206_male_Asian_19/incorrect_mask.png,19,incorrect,male
005268_male_Asian_21/incorrect_mask.jpg,19,incorrect,male
006617_male_Asian_19/incorrect_mask.jpeg,19,incorrect,male
006713_male_Asian_19/incorrect_mask.jpg,19,incorrect,male
005248_male_Asian_22/incorrect_mask.jpg,19,incorrect,male
001141_male_Asian_23/incorrect_mask.jpg,19,incorrect,male
005271_male_Asian_20/incorrect_mask.jpg,19,incorrect,male
001411_male_Asian_26/incorrect_mask.jpg,19,incorrect,male
006159_male_Asian_20/incorrect_mask.png,19,incorrect,male
006239_male_Asian_19/incorrect_mask.jpg,19,incorrect,male
001065_male_Asian_26/incorrect_mask.jpg,19,incorrect,male
001356_male_Asian_23/incorrect_mask.jpg,19,incorrect,male
005137_male_Asian_29/incorrect_mask.jpg,19,incorrect,male
000685_male_Asian_19/incorrect_mask.jpg,19,incorrect,male
006578_male_Asian_19/incorrect_mask.jpeg,19,incorrect,male
001359_male_Asian_26/incorrect_mask.jpg,19,incorrect,male
005280_male_Asian_21/incorrect_mask.jpg,19,incorrect,male
005258_male_Asian_22/incorrect_mask.jpg,19,incorrect,male
006623_male_Asian_19/incorrect_mask.jpeg,19,incorrect,male
006502_male_Asian_26/incorrect_mask.jpeg,19,incorrect,male
001244_male_Asian_23/incorrect_mask.jpg,19,incorrect,male
006381_male_Asian_19/incorrect_mask.jpg,19,incorrect,male
001659_male_Asian_23/incorrect_mask.jpg,19,incorrect,male
004204_male_Asian_19/incorrect_mask.jpg,19,incorrect,male
006707_male_Asian_19/incorrect_mask.jpg,19,incorrect,male
001155_male_Asian_28/incorrect_mask.jpg,19,incorrect,male
004423_male_Asian_18/incorrect_mask.jpg,19,incorrect,male
001389_male_Asian_21/incorrect_mask.jpg,19,incorrect,male
006654_male_Asian_19/incorrect_mask.jpeg,19,incorrect,male
006140_male_Asian_19/incorrect_mask.png,19,incorrect,male
006750_male_Asian_19/incorrect_mask.jpg,19,incorrect,male
006233_male_Asian_20/incorrect_mask.png,19,incorrect,male
001171_male_Asian_20/incorrect_mask.jpg,19,incorrect,male
006955_male_Asian_19/incorrect_mask.jpg,19,incorrect,male
001648_male_Asian_50/incorrect_mask.jpg,49,incorrect,male
000613_male_Asian_51/incorrect_mask.jpg,49,incorrect,male
001040_male_Asian_30/incorrect_mask.jpg,49,incorrect,male
003537_male_Asian_54/incorrect_mask.jpg,49,incorrect,male
001477_male_Asian_57/incorrect_mask.jpg,49,incorrect,male
003513_male_Asian_57/incorrect_mask.jpg,49,incorrect,male
001918_male_Asian_50/incorrect_mask.jpg,49,incorrect,male
000807_male_Asian_59/incorrect_mask.jpg,49,incorrect,male
000033_male_Asian_57/incorrect_mask.jpg,49,incorrect,male
000605_male_Asian_57/incorrect_mask.jpg,49,incorrect,male
000625_male_Asian_57/incorrect_mask.jpg,49,incorrect,male
005138_male_Asian_30/incorrect_mask.jpg,49,incorrect,male
001173_male_Asian_30/incorrect_mask.jpg,49,incorrect,male
003439_male_Asian_58/incorrect_mask.jpg,49,incorrect,male
001011_male_Asian_30/incorrect_mask.jpg,49,incorrect,male
001765_male_Asian_58/incorrect_mask.jpg,49,incorrect,male
001452_male_Asian_56/incorrect_mask.jpg,49,incorrect,male
001457_male_Asian_59/incorrect_mask.jpg,49,incorrect,male
003490_male_Asian_50/incorrect_mask.jpg,49,incorrect,male
005555_male_Asian_48/incorrect_mask.jpg,49,incorrect,male
005556_male_Asian_50/incorrect_mask.jpg,49,incorrect,male
000046_male_Asian_55/incorrect_mask.jpg,49,incorrect,male
003672_male_Asian_58/incorrect_mask.jpg,49,incorrect,male
005148_male_Asian_51/incorrect_mask.jpg,49,incorrect,male
003517_male_Asian_58/incorrect_mask.jpg,49,incorrect,male
003860_male_Asian_54/incorrect_mask.jpg,49,incorrect,male
001026_male_Asian_57/incorrect_mask.jpg,49,incorrect,male
003745_male_Asian_55/incorrect_mask.jpg,49,incorrect,male
001813_male_Asian_55/incorrect_mask.jpg,49,incorrect,male
004004_male_Asian_59/incorrect_mask.jpg,49,incorrect,male
000812_male_Asian_55/incorrect_mask.jpg,49,incorrect,male
003652_male_Asian_56/incorrect_mask.jpg,49,incorrect,male
000238_male_Asian_57/incorrect_mask.jpg,49,incorrect,male
003456_male_Asian_56/incorrect_mask.jpg,49,incorrect,male
005491_male_Asian_46/incorrect_mask.jpg,49,incorrect,male
003473_male_Asian_52/incorrect_mask.jpg,49,incorrect,male
003529_male_Asian_58/incorrect_mask.jpg,49,incorrect,male
003942_male_Asian_59/incorrect_mask.jpg,49,incorrect,male
001988_male_Asian_35/incorrect_mask.jpg,49,incorrect,male
000236_male_Asian_51/incorrect_mask.jpg,49,incorrect,male
001413_male_Asian_57/incorrect_mask.jpg,49,incorrect,male
001152_male_Asian_60/incorrect_mask.jpg,60,incorrect,male
003563_male_Asian_60/incorrect_mask.jpg,60,incorrect,male
004466_male_Asian_60/incorrect_mask.jpg,60,incorrect,male
003712_male_Asian_60/incorrect_mask.jpg,60,incorrect,male
004096_male_Asian_60/incorrect_mask.jpg,60,incorrect,male
004282_male_Asian_60/incorrect_mask.jpg,60,incorrect,male
004241_male_Asian_60/incorrect_mask.jpg,60,incorrect,male
004393_male_Asian_60/incorrect_mask.jpg,60,incorrect,male
001038_male_Asian_60/incorrect_mask.jpg,60,incorrect,male
003226_female_Asian_20/incorrect_mask.jpg,22,incorrect,female
001286_female_Asian_23/incorrect_mask.jpg,22,incorrect,female
006543_female_Asian_21/incorrect_mask.jpg,22,incorrect,female
003224_female_Asian_19/incorrect_mask.jpg,22,incorrect,female
001288_female_Asian_23/incorrect_mask.jpg,22,incorrect,female
001072_female_Asian_25/incorrect_mask.jpg,22,incorrect,female
003022_female_Asian_19/incorrect_mask.jpg,22,incorrect,female
006355_female_Asian_18/incorrect_mask.jpg,22,incorrect,female
003172_female_Asian_19/incorrect_mask.jpg,22,incorrect,female
003164_female_Asian_19/incorrect_mask.jpg,22,incorrect,female
003162_female_Asian_19/incorrect_mask.jpg,22,incorrect,female
003309_female_Asian_20/incorrect_mask.jpg,22,incorrect,female
001660_female_Asian_18/incorrect_mask.jpg,22,incorrect,female
003048_female_Asian_19/incorrect_mask.jpg,22,incorrect,female
003280_female_Asian_20/incorrect_mask.jpg,22,incorrect,female
001836_female_Asian_24/incorrect_mask.jpg,22,incorrect,female
006628_female_Asian_19/incorrect_mask.jpg,22,incorrect,female
003093_female_Asian_19/incorrect_mask.jpg,22,incorrect,female
003392_female_Asian_19/incorrect_mask.jpg,22,incorrect,female
003153_female_Asian_19/incorrect_mask.jpg,22,incorrect,female
001281_female_Asian_23/incorrect_mask.jpg,22,incorrect,female
003225_female_Asian_20/incorrect_mask.jpg,22,incorrect,female
001275_female_Asian_24/incorrect_mask.jpg,22,incorrect,female
003136_female_Asian_19/incorrect_mask.jpg,22,incorrect,female
005047_female_Asian_26/incorrect_mask.jpg,22,incorrect,female
006694_female_Asian_19/incorrect_mask.jpg,22,incorrect,female
003173_female_Asian_20/incorrect_mask.jpg,22,incorrect,female
003115_female_Asian_18/incorrect_mask.jpg,22,incorrect,female
006170_female_Asian_20/incorrect_mask.png,22,incorrect,female
006737_female_Asian_19/incorrect_mask.jpg,22,incorrect,female
005002_female_Asian_28/incorrect_mask.jpg,22,incorrect,female
003103_female_Asian_20/incorrect_mask.jpg,22,incorrect,female
003567_female_Asian_25/incorrect_mask.jpg,22,incorrect,female
003092_female_Asian_20/incorrect_mask.jpg,22,incorrect,female
006446_female_Asian_18/incorrect_mask.jpg,22,incorrect,female
003023_female_Asian_20/incorrect_mask.jpg,22,incorrect,female
001317_female_Asian_25/incorrect_mask.jpg,22,incorrect,female
001128_female_Asian_18/incorrect_mask.jpg,22,incorrect,female
003057_female_Asian_19/incorrect_mask.jpg,22,incorrect,female
001330_female_Asian_28/incorrect_mask.jpg,22,incorrect,female
003032_female_Asian_20/incorrect_mask.jpg,22,incorrect,female
003014_female_Asian_20/incorrect_mask.jpg,22,incorrect,female
006066_female_Asian_19/incorrect_mask.png,22,incorrect,female
006350_female_Asian_18/incorrect_mask.jpg,22,incorrect,female
006058_female_Asian_19/incorrect_mask.png,22,incorrect,female
006400_female_Asian_18/incorrect_mask.jpg,22,incorrect,female
003183_female_Asian_19/incorrect_mask.jpg,22,incorrect,female
006341_female_Asian_18/incorrect_mask.jpg,22,incorrect,female
006347_female_Asian_18/incorrect_mask.jpg,22,incorrect,female
001267_female_Asian_24/incorrect_mask.jpg,22,incorrect,female
005403_female_Asian_21/incorrect_mask.jpg,22,incorrect,female
003276_female_Asian_19/incorrect_mask.jpg,22,incorrect,female
001502_female_Asian_18/incorrect_mask.jpg,22,incorrect,female
001301_female_Asian_21/incorrect_mask.jpg,22,incorrect,female
001044_female_Asian_25/incorrect_mask.jpg,22,incorrect,female
001512_female_Asian_18/incorrect_mask.jpg,22,incorrect,female
005001_female_Asian_28/incorrect_mask.jpg,22,incorrect,female
003081_female_Asian_20/incorrect_mask.jpg,22,incorrect,female
003348_female_Asian_20/incorrect_mask.jpg,22,incorrect,female
006430_female_Asian_18/incorrect_mask.jpg,22,incorrect,female
001140_female_Asian_22/incorrect_mask.jpg,22,incorrect,female
001511_female_Asian_20/incorrect_mask.jpg,22,incorrect,female
006471_female_Asian_18/incorrect_mask.jpg,22,incorrect,female
001610_female_Asian_20/incorrect_mask.jpg,22,incorrect,female
003369_female_Asian_20/incorrect_mask.jpg,22,incorrect,female
006637_female_Asian_19/incorrect_mask.jpg,22,incorrect,female
004427_female_Asian_29/incorrect_mask.jpg,22,incorrect,female
006429_female_Asian_18/incorrect_mask.jpg,22,incorrect,female
003319_female_Asian_20/incorrect_mask.jpg,22,incorrect,female
006474_female_Asian_18/incorrect_mask.jpg,22,incorrect,female
003024_female_Asian_20/incorrect_mask.jpg,22,incorrect,female
006593_female_Asian_20/incorrect_mask.jpg,22,incorrect,female
003352_female_Asian_20/incorrect_mask.jpg,22,incorrect,female
000227_female_Asian_59/incorrect_mask.jpg,45,incorrect,female
001070_female_Asian_58/incorrect_mask.jpg,45,incorrect,female
000669_female_Asian_58/incorrect_mask.jpg,45,incorrect,female
000621_female_Asian_57/incorrect_mask.jpg,45,incorrect,female
003590_female_Asian_58/incorrect_mask.jpg,45,incorrect,female
000040_female_Asian_57/incorrect_mask.jpg,45,incorrect,female
001449_female_Asian_51/incorrect_mask.jpg,45,incorrect,female
001790_female_Asian_50/incorrect_mask.jpg,45,incorrect,female
000264_female_Asian_51/incorrect_mask.jpg,45,incorrect,female
000261_female_Asian_58/incorrect_mask.jpg,45,incorrect,female
005053_female_Asian_58/incorrect_mask.jpg,45,incorrect,female
000344_female_Asian_57/incorrect_mask.jpg,45,incorrect,female
005500_female_Asian_49/incorrect_mask.jpg,45,incorrect,female
003834_female_Asian_58/incorrect_mask.jpg,45,incorrect,female
000273_female_Asian_56/incorrect_mask.jpg,45,incorrect,female
001763_female_Asian_42/incorrect_mask.jpg,45,incorrect,female
000690_female_Asian_51/incorrect_mask.jpg,45,incorrect,female
005471_female_Asian_38/incorrect_mask.jpg,45,incorrect,female
005046_female_Asian_54/incorrect_mask.jpg,45,incorrect,female
000296_female_Asian_57/incorrect_mask.jpg,45,incorrect,female
000536_female_Asian_51/incorrect_mask.jpg,45,incorrect,female
000210_female_Asian_54/incorrect_mask.jpg,45,incorrect,female
000799_female_Asian_51/incorrect_mask.jpg,45,incorrect,female
003794_female_Asian_44/incorrect_mask.jpg,45,incorrect,female
003448_female_Asian_54/incorrect_mask.jpg,45,incorrect,female
000644_female_Asian_54/incorrect_mask.jpg,45,incorrect,female
003711_female_Asian_58/incorrect_mask.jpg,45,incorrect,female
001158_female_Asian_56/incorrect_mask.jpg,45,incorrect,female
005425_female_Asian_40/incorrect_mask.jpg,45,incorrect,female
000558_female_Asian_58/incorrect_mask.jpg,45,incorrect,female
000274_female_Asian_54/incorrect_mask.jpg,45,incorrect,female
000626_female_Asian_57/incorrect_mask.jpg,45,incorrect,female
000039_female_Asian_57/incorrect_mask.jpg,45,incorrect,female
004368_female_Asian_54/incorrect_mask.jpg,45,incorrect,female
003801_female_Asian_49/incorrect_mask.jpg,45,incorrect,female
000645_female_Asian_57/incorrect_mask.jpg,45,incorrect,female
003505-1_female_Asian_58/incorrect_mask.jpg,45,incorrect,female
000594_female_Asian_57/incorrect_mask.jpg,45,incorrect,female
000772_female_Asian_54/incorrect_mask.jpg,45,incorrect,female
000008_female_Asian_58/incorrect_mask.jpg,45,incorrect,female
003402_female_Asian_53/incorrect_mask.jpg,45,incorrect,female
003880_female_Asian_55/incorrect_mask.jpg,45,incorrect,female
005068_female_Asian_57/incorrect_mask.jpg,45,incorrect,female
005007_female_Asian_56/incorrect_mask.jpg,45,incorrect,female
005106_female_Asian_54/incorrect_mask.jpg,45,incorrect,female
003877_female_Asian_55/incorrect_mask.jpg,45,incorrect,female
004076_female_Asian_54/incorrect_mask.jpg,45,incorrect,female
005476_female_Asian_43/incorrect_mask.jpg,45,incorrect,female
005554_female_Asian_40/incorrect_mask.jpg,45,incorrect,female
000636_female_Asian_51/incorrect_mask.jpg,45,incorrect,female
000533_female_Asian_54/incorrect_mask.jpg,45,incorrect,female
000831_female_Asian_55/incorrect_mask.jpg,45,incorrect,female
004228_female_Asian_58/incorrect_mask.jpg,45,incorrect,female
000563_female_Asian_58/incorrect_mask.jpg,45,incorrect,female
000224_female_Asian_56/incorrect_mask.jpg,45,incorrect,female
004480_female_Asian_58/incorrect_mask.jpg,45,incorrect,female
001925_female_Asian_50/incorrect_mask.jpg,45,incorrect,female
000062_female_Asian_55/incorrect_mask.jpg,45,incorrect,female
000221_female_Asian_40/incorrect_mask.jpg,45,incorrect,female
000041_female_Asian_58/incorrect_mask.jpg,45,incorrect,female
000007_female_Asian_58/incorrect_mask.jpg,45,incorrect,female
001617_female_Asian_37/incorrect_mask.jpg,45,incorrect,female
001311_female_Asian_34/incorrect_mask.jpg,45,incorrect,female
003458_female_Asian_46/incorrect_mask.jpg,45,incorrect,female
001986_female_Asian_56/incorrect_mask.jpg,45,incorrect,female
003432_female_Asian_52/incorrect_mask.jpg,45,incorrect,female
001774-1_female_Asian_52/incorrect_mask.jpg,45,incorrect,female
005510_female_Asian_39/incorrect_mask.jpg,45,incorrect,female
000532_female_Asian_57/incorrect_mask.jpg,45,incorrect,female
003469_female_Asian_55/incorrect_mask.jpg,45,incorrect,female
000746_female_Asian_53/incorrect_mask.jpg,45,incorrect,female
000044_female_Asian_58/incorrect_mask.jpg,45,incorrect,female
005496_female_Asian_52/incorrect_mask.jpg,45,incorrect,female
000573_female_Asian_50/incorrect_mask.jpg,45,incorrect,female
000758_female_Asian_56/incorrect_mask.jpg,45,incorrect,female
003472_female_Asian_48/incorrect_mask.jpg,45,incorrect,female
000311_female_Asian_58/incorrect_mask.jpg,45,incorrect,female
003871_female_Asian_57/incorrect_mask.jpg,45,incorrect,female
004212_female_Asian_59/incorrect_mask.jpg,45,incorrect,female
005109_female_Asian_45/incorrect_mask.jpg,45,incorrect,female
003763_female_Asian_50/incorrect_mask.jpg,45,incorrect,female
004391_female_Asian_55/incorrect_mask.jpg,45,incorrect,female
001900_female_Asian_60/incorrect_mask.jpg,60,incorrect,female
004312_female_Asian_60/incorrect_mask.jpg,60,incorrect,female
001063_female_Asian_60/incorrect_mask.jpg,60,incorrect,female
001598_female_Asian_60/incorrect_mask.jpg,60,incorrect,female
004081_female_Asian_60/incorrect_mask.jpg,60,incorrect,female
003736_female_Asian_60/incorrect_mask.jpg,60,incorrect,female
003721_female_Asian_60/incorrect_mask.jpg,60,incorrect,female
004322_female_Asian_60/incorrect_mask.jpg,60,incorrect,female
001910_female_Asian_60/incorrect_mask.jpg,60,incorrect,female
004232_female_Asian_60/incorrect_mask.jpg,60,incorrect,female
001920_female_Asian_60/incorrect_mask.jpg,60,incorrect,female
006502_male_Asian_26/normal.jpeg,18,normal,male
001364_male_Asian_28/normal.jpg,18,normal,male
006563_male_Asian_20/normal.jpg,18,normal,male
001665_male_Asian_22/normal.jpg,18,normal,male
006956_male_Asian_19/normal.jpg,18,normal,male
006093_male_Asian_19/normal.jpg,18,normal,male
001829_male_Asian_24/normal.jpg,18,normal,male
006212_male_Asian_19/normal.jpg,18,normal,male
006362_male_Asian_18/normal.jpg,18,normal,male
006952_male_Asian_19/normal.jpg,18,normal,male
006379_male_Asian_19/normal.jpg,18,normal,male
005269_male_Asian_21/normal.jpg,18,normal,male
004203_male_Asian_19/normal.jpg,18,normal,male
001017_male_Asian_24/normal.jpg,18,normal,male
005258_male_Asian_22/normal.jpg,18,normal,male
001792_male_Asian_26/normal.jpg,18,normal,male
005119_male_Asian_19/normal.jpg,18,normal,male
001107_male_Asian_25/normal.jpg,18,normal,male
006076_male_Asian_18/normal.jpg,18,normal,male
005282_male_Asian_19/normal.jpg,18,normal,male
006670_male_Asian_19/normal.jpeg,18,normal,male
001791_male_Asian_24/normal.jpg,18,normal,male
001176_male_Asian_18/normal.jpg,18,normal,male
006646_male_Asian_19/normal.jpeg,18,normal,male
006565_male_Asian_20/normal.jpg,18,normal,male
006221_male_Asian_20/normal.png,18,normal,male
001332_male_Asian_25/normal.jpg,18,normal,male
006621_male_Asian_19/normal.jpeg,18,normal,male
006726_male_Asian_19/normal.jpg,18,normal,male
006597_male_Asian_19/normal.jpg,18,normal,male
004481_male_Asian_29/normal.jpg,18,normal,male
006948_male_Asian_19/normal.jpg,18,normal,male
001023_male_Asian_19/normal.jpg,18,normal,male
006377_male_Asian_19/normal.jpg,18,normal,male
001037_male_Asian_18/normal.jpg,18,normal,male
005251_male_Asian_20/normal.jpg,18,normal,male
006578_male_Asian_19/normal.jpeg,18,normal,male
006661_male_Asian_19/normal.jpeg,18,normal,male
006107_male_Asian_18/normal.jpg,18,normal,male
005243_male_Asian_21/normal.jpg,18,normal,male
006717_male_Asian_19/normal.jpg,18,normal,male
006220_male_Asian_18/normal.jpg,18,normal,male
006200_male_Asian_18/normal.jpg,18,normal,male
001136_male_Asian_26/normal.jpg,18,normal,male
005288_male_Asian_22/normal.jpg,18,normal,male
003814_male_Asian_27/normal.jpg,18,normal,male
001785_male_Asian_26/normal.jpg,18,normal,male
001025_male_Asian_19/normal.jpg,18,normal,male
001970_male_Asian_21/normal.jpg,18,normal,male
001187-1_male_Asian_25/normal.jpg,18,normal,male
001053_male_Asian_26/normal.jpg,18,normal,male
001495-1_male_Asian_21/normal.jpg,18,normal,male
005237_male_Asian_22/normal.jpg,18,normal,male
001094_male_Asian_23/normal.jpg,18,normal,male
005249_male_Asian_22/normal.jpg,18,normal,male
006395_male_Asian_19/normal.jpg,18,normal,male
004075_male_Asian_54/normal.jpg,48,normal,male
003560_male_Asian_55/normal.jpg,48,normal,male
003529_male_Asian_58/normal.jpg,48,normal,male
001476_male_Asian_58/normal.jpg,48,normal,male
005491_male_Asian_46/normal.jpg,48,normal,male
003408_male_Asian_54/normal.jpg,48,normal,male
003617_male_Asian_56/normal.jpg,48,normal,male
001484_male_Asian_57/normal.jpg,48,normal,male
004079_male_Asian_53/normal.jpg,48,normal,male
004442_male_Asian_40/normal.jpg,48,normal,male
003860_male_Asian_54/normal.jpg,48,normal,male
003873_male_Asian_58/normal.jpg,48,normal,male
000821_male_Asian_56/normal.jpg,48,normal,male
003881_male_Asian_56/normal.jpg,48,normal,male
003509-1_male_Asian_57/normal.jpg,48,normal,male
001718_male_Asian_55/normal.jpg,48,normal,male
003643_male_Asian_58/normal.jpg,48,normal,male
004394_male_Asian_53/normal.jpg,48,normal,male
003602_male_Asian_58/normal.jpg,48,normal,male
000801_male_Asian_59/normal.jpg,48,normal,male
003816_male_Asian_57/normal.jpg,48,normal,male
003414_male_Asian_51/normal.jpg,48,normal,male
001010_male_Asian_59/normal.jpg,48,normal,male
003862_male_Asian_56/normal.jpg,48,normal,male
004336_male_Asian_35/normal.jpg,48,normal,male
003489_male_Asian_48/normal.jpg,48,normal,male
005551_male_Asian_43/normal.jpg,48,normal,male
003806_male_Asian_48/normal.jpg,48,normal,male
001594_male_Asian_58/normal.jpg,48,normal,male
001752_male_Asian_53/normal.jpg,48,normal,male
003955_male_Asian_41/normal.jpg,48,normal,male
001477_male_Asian_57/normal.jpg,48,normal,male
001147_male_Asian_35/normal.jpg,48,normal,male
005499_male_Asian_55/normal.jpg,48,normal,male
003652_male_Asian_56/normal.jpg,48,normal,male
003759_male_Asian_50/normal.jpg,48,normal,male
001496_male_Asian_55/normal.jpg,48,normal,male
003403_male_Asian_52/normal.jpg,48,normal,male
004023_male_Asian_59/normal.jpg,48,normal,male
000046_male_Asian_55/normal.jpg,48,normal,male
000655_male_Asian_53/normal.jpg,48,normal,male
001444_male_Asian_60/normal.jpg,60,normal,male
003874_male_Asian_60/normal.jpg,60,normal,male
004219_male_Asian_60/normal.jpg,60,normal,male
004317_male_Asian_60/normal.jpg,60,normal,male
004265_male_Asian_60/normal.jpg,60,normal,male
004283_male_Asian_60/normal.jpg,60,normal,male
004466_male_Asian_60/normal.jpg,60,normal,male
001188_male_Asian_60/normal.jpg,60,normal,male
003666_male_Asian_60/normal.jpg,60,normal,male
001179-1_female_Asian_24/normal.jpg,19,normal,female
001738_female_Asian_26/normal.jpg,19,normal,female
003001_female_Asian_19/normal.jpg,19,normal,female
001223_female_Asian_21/normal.jpg,19,normal,female
003095_female_Asian_20/normal.jpg,19,normal,female
003319_female_Asian_20/normal.jpg,19,normal,female
006438_female_Asian_18/normal.jpg,19,normal,female
006425_female_Asian_18/normal.jpg,19,normal,female
003356_female_Asian_19/normal.jpg,19,normal,female
003282_female_Asian_19/normal.jpg,19,normal,female
006455_female_Asian_18/normal.jpg,19,normal,female
006491_female_Asian_18/normal.jpg,19,normal,female
003200_female_Asian_20/normal.jpg,19,normal,female
006403_female_Asian_18/normal.jpg,19,normal,female
003033_female_Asian_19/normal.jpg,19,normal,female
003173_female_Asian_20/normal.jpg,19,normal,female
003097_female_Asian_20/normal.jpg,19,normal,female
005404_female_Asian_25/normal.jpg,19,normal,female
003017_female_Asian_19/normal.jpg,19,normal,female
006269_female_Asian_20/normal.jpg,19,normal,female
003567_female_Asian_25/normal.jpg,19,normal,female
001660_female_Asian_18/normal.jpg,19,normal,female
005010_female_Asian_27/normal.jpg,19,normal,female
006415_female_Asian_18/normal.jpg,19,normal,female
003175_female_Asian_20/normal.jpg,19,normal,female
003029_female_Asian_20/normal.jpg,19,normal,female
006340_female_Asian_18/normal.jpg,19,normal,female
005020_female_Asian_29/normal.jpg,19,normal,female
001286_female_Asian_23/normal.jpg,19,normal,female
003294_female_Asian_19/normal.jpg,19,normal,female
003199_female_Asian_20/normal.jpg,19,normal,female
006408_female_Asian_18/normal.jpg,19,normal,female
003176_female_Asian_19/normal.jpg,19,normal,female
003272_female_Asian_19/normal.jpg,19,normal,female
001131_female_Asian_22/normal.jpg,19,normal,female
001855_female_Asian_24/normal.jpg,19,normal,female
006176_female_Asian_19/normal.png,19,normal,female
004392_female_Asian_18/normal.jpg,19,normal,female
003026_female_Asian_20/normal.jpg,19,normal,female
003034_female_Asian_20/normal.jpg,19,normal,female
003390_female_Asian_20/normal.jpg,19,normal,female
003020_female_Asian_19/normal.jpg,19,normal,female
006627_female_Asian_19/normal.jpeg,19,normal,female
006168_female_Asian_19/normal.png,19,normal,female
001012_female_Asian_18/normal.jpg,19,normal,female
003160_female_Asian_19/normal.jpg,19,normal,female
001018_female_Asian_25/normal.jpg,19,normal,female
001539_female_Asian_28/normal.jpg,19,normal,female
001337_female_Asian_25/normal.jpg,19,normal,female
006345_female_Asian_18/normal.jpg,19,normal,female
005051_female_Asian_26/normal.jpg,19,normal,female
006069_female_Asian_19/normal.png,19,normal,female
006353_female_Asian_18/normal.jpg,19,normal,female
003366_female_Asian_20/normal.jpg,19,normal,female
006442_female_Asian_18/normal.jpg,19,normal,female
001362_female_Asian_28/normal.jpg,19,normal,female
001325_female_Asian_23/normal.jpg,19,normal,female
001384_female_Asian_22/normal.jpg,19,normal,female
003389_female_Asian_19/normal.jpg,19,normal,female
001292_female_Asian_24/normal.jpg,19,normal,female
006737_female_Asian_19/normal.jpg,19,normal,female
003388_female_Asian_20/normal.jpg,19,normal,female
006434_female_Asian_18/normal.jpg,19,normal,female
001281_female_Asian_23/normal.jpg,19,normal,female
001267_female_Asian_24/normal.jpg,19,normal,female
001195_female_Asian_22/normal.jpg,19,normal,female
003166_female_Asian_20/normal.jpg,19,normal,female
003297_female_Asian_20/normal.jpg,19,normal,female
006427_female_Asian_18/normal.jpg,19,normal,female
006409_female_Asian_18/normal.jpg,19,normal,female
003133_female_Asian_19/normal.jpg,19,normal,female
003300_female_Asian_19/normal.jpg,19,normal,female
006541_female_Asian_22/normal.jpg,19,normal,female
003737_female_Asian_40/normal.jpg,55,normal,female
005470_female_Asian_42/normal.jpg,55,normal,female
001573_female_Asian_34/normal.jpg,55,normal,female
001443_female_Asian_45/normal.jpg,55,normal,female
000356_female_Asian_58/normal.jpg,55,normal,female
000714_female_Asian_51/normal.jpg,55,normal,female
000381_female_Asian_59/normal.jpg,55,normal,female
001186_female_Asian_50/normal.jpg,55,normal,female
005056_female_Asian_55/normal.jpg,55,normal,female
000548_female_Asian_53/normal.jpg,55,normal,female
003801_female_Asian_49/normal.jpg,55,normal,female
005457_female_Asian_36/normal.jpg,55,normal,female
005032_female_Asian_59/normal.jpg,55,normal,female
000022_female_Asian_58/normal.jpg,55,normal,female
000789_female_Asian_54/normal.jpg,55,normal,female
001132_female_Asian_43/normal.jpg,55,normal,female
003599_female_Asian_58/normal.jpg,55,normal,female
000280_female_Asian_54/normal.jpg,55,normal,female
005043_female_Asian_43/normal.jpg,55,normal,female
004222_female_Asian_55/normal.jpg,55,normal,female
001662_female_Asian_30/normal.jpg,55,normal,female
000641_female_Asian_57/normal.jpg,55,normal,female
001504_female_Asian_56/normal.jpg,55,normal,female
003845_female_Asian_56/normal.jpg,55,normal,female
003458_female_Asian_46/normal.jpg,55,normal,female
003863_female_Asian_56/normal.jpg,55,normal,female
004461_female_Asian_59/normal.jpg,55,normal,female
005292_female_Asian_40/normal.jpg,55,normal,female
000626_female_Asian_57/normal.jpg,55,normal,female
003887_female_Asian_32/normal.jpg,55,normal,female
003891_female_Asian_31/normal.jpg,55,normal,female
004070_female_Asian_55/normal.jpg,55,normal,female
001841_female_Asian_40/normal.jpg,55,normal,female
004306_female_Asian_42/normal.jpg,55,normal,female
005073_female_Asian_35/normal.jpg,55,normal,female
000765_female_Asian_57/normal.jpg,55,normal,female
004321_female_Asian_59/normal.jpg,55,normal,female
001631_female_Asian_58/normal.jpg,55,normal,female
000037_female_Asian_58/normal.jpg,55,normal,female
001441_female_Asian_54/normal.jpg,55,normal,female
000514_female_Asian_59/normal.jpg,55,normal,female
000313_female_Asian_54/normal.jpg,55,normal,female
001585_female_Asian_57/normal.jpg,55,normal,female
000610_female_Asian_52/normal.jpg,55,normal,female
004164_female_Asian_53/normal.jpg,55,normal,female
005067-1_female_Asian_48/normal.jpg,55,normal,female
000021_female_Asian_54/normal.jpg,55,normal,female
003804_female_Asian_50/normal.jpg,55,normal,female
005038_female_Asian_51/normal.jpg,55,normal,female
005110_female_Asian_53/normal.jpg,55,normal,female
003783_female_Asian_40/normal.jpg,55,normal,female
005072_female_Asian_55/normal.jpg,55,normal,female
001148_female_Asian_58/normal.jpg,55,normal,female
005035_female_Asian_49/normal.jpg,55,normal,female
000690_female_Asian_51/normal.jpg,55,normal,female
000019_female_Asian_57/normal.jpg,55,normal,female
001021_female_Asian_58/normal.jpg,55,normal,female
001516_female_Asian_57/normal.jpg,55,normal,female
004077_female_Asian_57/normal.jpg,55,normal,female
001622_female_Asian_40/normal.jpg,55,normal,female
000034_female_Asian_55/normal.jpg,55,normal,female
000745_female_Asian_51/normal.jpg,55,normal,female
005027_female_Asian_53/normal.jpg,55,normal,female
005478_female_Asian_43/normal.jpg,55,normal,female
004388_female_Asian_45/normal.jpg,55,normal,female
001070_female_Asian_58/normal.jpg,55,normal,female
000286_female_Asian_51/normal.jpg,55,normal,female
004382_female_Asian_55/normal.jpg,55,normal,female
003417_female_Asian_51/normal.jpg,55,normal,female
003587_female_Asian_58/normal.jpg,55,normal,female
000766_female_Asian_53/normal.jpg,55,normal,female
000754_female_Asian_50/normal.jpg,55,normal,female
000029_female_Asian_58/normal.jpg,55,normal,female
000025_female_Asian_49/normal.jpg,55,normal,female
005126_female_Asian_46/normal.jpg,55,normal,female
000001_female_Asian_45/normal.jpg,55,normal,female
001719_female_Asian_50/normal.jpg,55,normal,female
005127_female_Asian_51/normal.jpg,55,normal,female
000742_female_Asian_58/normal.jpg,55,normal,female
000817_female_Asian_52/normal.jpg,55,normal,female
000304_female_Asian_51/normal.jpg,55,normal,female
000724_female_Asian_57/normal.jpg,55,normal,female
001459_female_Asian_60/normal.jpg,60,normal,female
001106_female_Asian_60/normal.jpg,60,normal,female
001549_female_Asian_60/normal.jpg,60,normal,female
004384_female_Asian_60/normal.jpg,60,normal,female
004215_female_Asian_60/normal.jpg,60,normal,female
001063_female_Asian_60/normal.jpg,60,normal,female
004322_female_Asian_60/normal.jpg,60,normal,female
004239_female_Asian_60/normal.jpg,60,normal,female
001598_female_Asian_60/normal.jpg,60,normal,female
004287_female_Asian_60/normal.jpg,60,normal,female
004476_female_Asian_60/normal.jpg,60,normal,female
